"date","siteID","sampleNumber","precipSampVolML","precipAmountCM","hgConcentrationNGL","hgDepositionUGM2","filename"
1993-01-01,"LKC",2,955.6,0.483,21.24,0.1026,"PMRC Wet Deposition Hg 1999-2003"
1993-01-08,"LKC",3,76,0.127,24.3,0.0308,"PMRC Wet Deposition Hg 1999-2003"
1993-01-13,"LKC",4,1169,1.016,2.833,0.0287,"PMRC Wet Deposition Hg 1999-2003"
1993-01-15,"LKC",5,208,0.127,10.32,0.0131,"PMRC Wet Deposition Hg 1999-2003"
1993-01-17,"LKC",6,83.2,0.127,8.637,0.0109,"PMRC Wet Deposition Hg 1999-2003"
1993-01-18,"LKC",7,142,0.076,3.812,0.0028,"PMRC Wet Deposition Hg 1999-2003"
1993-01-22,"LKC",8,1157,0.889,4.115,0.0365,"PMRC Wet Deposition Hg 1999-2003"
1993-01-23,"LKC",9,166,0.127,3.789,0.0048,"PMRC Wet Deposition Hg 1999-2003"
1993-01-24,"LKC",10,1140,0.66,9.805,0.0647,"PMRC Wet Deposition Hg 1999-2003"
1993-01-28,"LKC",12,70,0.279,6.022,0.0168,"PMRC Wet Deposition Hg 1999-2003"
1993-01-31,"LKC",13,1180,1.016,5.906,0.06,"PMRC Wet Deposition Hg 1999-2003"
1993-02-01,"LKC",14,278,0.127,6.17,0.0078,"PMRC Wet Deposition Hg 1999-2003"
1993-02-03,"LKC",15,363,0.254,17.29,0.0439,"PMRC Wet Deposition Hg 1999-2003"
1993-02-12,"LKC",16,1000,1.905,1.913,0.0364,"PMRC Wet Deposition Hg 1999-2003"
1993-02-13,"LKC",17,1000,0.533,4.844,0.0258,"PMRC Wet Deposition Hg 1999-2003"
1993-02-16,"LKC",18,1176,0.762,7.761,0.0591,"PMRC Wet Deposition Hg 1999-2003"
1993-02-18,"LKC",19,250,0.127,9.394,0.0119,"PMRC Wet Deposition Hg 1999-2003"
1993-02-21,"LKC",20,246,0.33,8.511,0.028,"PMRC Wet Deposition Hg 1999-2003"
1993-02-22,"LKC",21,827,0.381,8.404,0.032,"PMRC Wet Deposition Hg 1999-2003"
1993-02-23,"LKC",22,495,0.254,7.924,0.0201,"PMRC Wet Deposition Hg 1999-2003"
1993-03-06,"LKC",23,70.6,0.102,12.32,0.0125,"PMRC Wet Deposition Hg 1999-2003"
1993-03-08,"LKC",24,472,0.279,12.05,0.0336,"PMRC Wet Deposition Hg 1999-2003"
1993-03-09,"LKC",25,255,0.229,7.686,0.0176,"PMRC Wet Deposition Hg 1999-2003"
1993-03-10,"LKC",26,1176,0.635,4.895,0.031,"PMRC Wet Deposition Hg 1999-2003"
1993-03-11,"LKC",27,374,0.127,16.51,0.0209,"PMRC Wet Deposition Hg 1999-2003"
1993-03-13,"LKC",28,1000,2.565,2.458,0.063,"PMRC Wet Deposition Hg 1999-2003"
1993-03-17,"LKC",29,1184,0.635,6.357,0.0403,"PMRC Wet Deposition Hg 1999-2003"
1993-03-21,"LKC",30,1200,0.711,5.831,0.0414,"PMRC Wet Deposition Hg 1999-2003"
1993-03-24,"LKC",31,300,0.127,6.104,0.0077,"PMRC Wet Deposition Hg 1999-2003"
1993-04-01,"LKC",32,835,0.508,5.739,0.0291,"PMRC Wet Deposition Hg 1999-2003"
1993-04-10,"LKC",33,502,0.203,6.075,0.0123,"PMRC Wet Deposition Hg 1999-2003"
1993-04-12,"LKC",34,1191,0.635,3.312,0.021,"PMRC Wet Deposition Hg 1999-2003"
1993-04-21,"LKC",35,1195,0.711,10.04,0.0713,"PMRC Wet Deposition Hg 1999-2003"
1993-04-22,"LKC",36,1181,1.549,5.543,0.0858,"PMRC Wet Deposition Hg 1999-2003"
1993-04-23,"LKC",37,1198,0.737,2.206,0.0162,"PMRC Wet Deposition Hg 1999-2003"
1993-04-25,"LKC",38,1186,2.057,17.72,0.3645,"PMRC Wet Deposition Hg 1999-2003"
1993-05-04,"LKC",39,135,0.127,17.64,0.0224,"PMRC Wet Deposition Hg 1999-2003"
1993-05-05,"LKC",40,1191,1.219,13.81,0.1684,"PMRC Wet Deposition Hg 1999-2003"
1993-05-06,"LKC",41,1166,0.584,20.48,0.1196,"PMRC Wet Deposition Hg 1999-2003"
1993-05-11,"LKC",42,188,0.102,22.41,0.0228,"PMRC Wet Deposition Hg 1999-2003"
1993-05-12,"LKC",43,1018,0.533,51.42,0.2741,"PMRC Wet Deposition Hg 1999-2003"
1993-05-15,"LKC",44,697,0.381,20.02,0.0763,"PMRC Wet Deposition Hg 1999-2003"
1993-05-20,"LKC",46,1189,1.499,4.555,0.0682,"PMRC Wet Deposition Hg 1999-2003"
1993-05-20,"LKC",45,678,0.33,4.173,0.0137,"PMRC Wet Deposition Hg 1999-2003"
1993-05-24,"LKC",47,1186,1.676,10.55,0.1769,"PMRC Wet Deposition Hg 1999-2003"
1993-05-26,"LKC",48,543,0.33,14.61,0.0482,"PMRC Wet Deposition Hg 1999-2003"
1993-05-28,"LKC",49,862,0.508,9.709,0.0493,"PMRC Wet Deposition Hg 1999-2003"
1993-05-29,"LKC",50,217,0.152,12.05,0.0183,"PMRC Wet Deposition Hg 1999-2003"
1993-05-31,"LKC",51,1196,0.991,10.85,0.1076,"PMRC Wet Deposition Hg 1999-2003"
1993-06-05,"LKC",52,1183,1.27,8.923,0.1133,"PMRC Wet Deposition Hg 1999-2003"
1993-06-08,"LKC",53,270,0.203,12.09,0.0245,"PMRC Wet Deposition Hg 1999-2003"
1993-06-09,"LKC",54,1186,1.93,10.18,0.1966,"PMRC Wet Deposition Hg 1999-2003"
1993-06-10,"LKC",55,652,0.279,12.84,0.0358,"PMRC Wet Deposition Hg 1999-2003"
1993-06-15,"LKC",56,1185,2.007,24.78,0.4975,"PMRC Wet Deposition Hg 1999-2003"
1993-06-16,"LKC",57,92,0.102,9.412,0.0096,"PMRC Wet Deposition Hg 1999-2003"
1993-06-18,"LKC",58,1183,1.651,18.78,0.3101,"PMRC Wet Deposition Hg 1999-2003"
1993-06-21,"LKC",59,698,0.279,15.2,0.0424,"PMRC Wet Deposition Hg 1999-2003"
1993-06-22,"LKC",60,1175,0.711,10.4,0.0739,"PMRC Wet Deposition Hg 1999-2003"
1993-06-26,"LKC",61,505,0.254,16.9,0.0429,"PMRC Wet Deposition Hg 1999-2003"
1993-06-28,"LKC",62,779,0.356,25,0.089,"PMRC Wet Deposition Hg 1999-2003"
1993-07-03,"LKC",63,419,0.203,8.256,0.0167,"PMRC Wet Deposition Hg 1999-2003"
1993-07-08,"LKC",64,1177,0.965,20.87,0.2014,"PMRC Wet Deposition Hg 1999-2003"
1993-07-12,"LKC",65,1200,1.27,23,0.2921,"PMRC Wet Deposition Hg 1999-2003"
1993-07-12,"LKC",66,350,0.152,15.24,0.0231,"PMRC Wet Deposition Hg 1999-2003"
1993-07-16,"LKC",67,160,0.076,17.06,0.0129,"PMRC Wet Deposition Hg 1999-2003"
1993-07-20,"LKC",68,365,0.279,19.16,0.0534,"PMRC Wet Deposition Hg 1999-2003"
1993-07-21,"LKC",69,1181,0.66,15.83,0.1044,"PMRC Wet Deposition Hg 1999-2003"
1993-07-22,"LKC",70,1187,1.753,7.015,0.1229,"PMRC Wet Deposition Hg 1999-2003"
1993-07-23,"LKC",71,792,0.406,16.21,0.0658,"PMRC Wet Deposition Hg 1999-2003"
1993-07-26,"LKC",72,1178,1.905,17.38,0.3312,"PMRC Wet Deposition Hg 1999-2003"
1993-07-27,"LKC",73,1183,2.794,10.37,0.2898,"PMRC Wet Deposition Hg 1999-2003"
1993-07-29,"LKC",74,1175,1.778,21.28,0.3784,"PMRC Wet Deposition Hg 1999-2003"
1993-07-30,"LKC",76,540,0.254,8.443,0.0214,"PMRC Wet Deposition Hg 1999-2003"
1993-08-03,"LKC",77,118,0.127,28.8,0.0365,"PMRC Wet Deposition Hg 1999-2003"
1993-08-04,"LKC",78,874,0.508,15.25,0.0774,"PMRC Wet Deposition Hg 1999-2003"
1993-08-07,"LKC",79,50,0.076,16.28,0.0123,"PMRC Wet Deposition Hg 1999-2003"
1993-08-08,"LKC",80,1197,0.737,23.07,0.17,"PMRC Wet Deposition Hg 1999-2003"
1993-08-10,"LKC",81,1181,2.184,12.13,0.265,"PMRC Wet Deposition Hg 1999-2003"
1993-08-13,"LKC",82,1180,2.057,14.16,0.2914,"PMRC Wet Deposition Hg 1999-2003"
1993-08-16,"LKC",83,403,0.229,32.53,0.0745,"PMRC Wet Deposition Hg 1999-2003"
1993-08-18,"LKC",84,350,0.254,14.84,0.0376,"PMRC Wet Deposition Hg 1999-2003"
1993-08-20,"LKC",85,1175,1.372,4.704,0.0645,"PMRC Wet Deposition Hg 1999-2003"
1993-08-24,"LKC",86,1193,3.632,10.35,0.3762,"PMRC Wet Deposition Hg 1999-2003"
1993-08-28,"LKC",87,350,0.152,31.13,0.0473,"PMRC Wet Deposition Hg 1999-2003"
1993-08-31,"LKC",88,1180,4.445,10.77,0.4791,"PMRC Wet Deposition Hg 1999-2003"
1993-09-03,"LKC",90,1195,2.184,14.43,0.3152,"PMRC Wet Deposition Hg 1999-2003"
1993-09-04,"LKC",91,475,0.229,7.052,0.0161,"PMRC Wet Deposition Hg 1999-2003"
1993-09-06,"LKC",92,1004,0.483,8.328,0.0402,"PMRC Wet Deposition Hg 1999-2003"
1993-09-09,"LKC",93,1190,1.981,22.55,0.4468,"PMRC Wet Deposition Hg 1999-2003"
1993-09-10,"LKC",94,529,0.203,7.929,0.016,"PMRC Wet Deposition Hg 1999-2003"
1993-09-15,"LKC",95,1190,1.372,5.879,0.0806,"PMRC Wet Deposition Hg 1999-2003"
1993-09-23,"LKC",96,1191,2.159,6.597,0.1424,"PMRC Wet Deposition Hg 1999-2003"
1993-09-26,"LKC",97,1185,0.737,10.1,0.0744,"PMRC Wet Deposition Hg 1999-2003"
1993-09-27,"LKC",98,1199,1.143,7.35,0.084,"PMRC Wet Deposition Hg 1999-2003"
1993-09-28,"LKC",99,672,0.356,7.473,0.0266,"PMRC Wet Deposition Hg 1999-2003"
1993-09-29,"LKC",100,517,0.229,6.519,0.0149,"PMRC Wet Deposition Hg 1999-2003"
1993-10-02,"LKC",101,1183,1.93,8.613,0.1662,"PMRC Wet Deposition Hg 1999-2003"
1993-10-04,"LKC",102,1176,1.372,10.21,0.1401,"PMRC Wet Deposition Hg 1999-2003"
1993-10-09,"LKC",103,1189,1.6,7.217,0.1154,"PMRC Wet Deposition Hg 1999-2003"
1993-10-12,"LKC",104,1178,1.27,2.612,0.0331,"PMRC Wet Deposition Hg 1999-2003"
1993-10-16,"LKC",105,1191,0.635,21.93,0.1392,"PMRC Wet Deposition Hg 1999-2003"
1993-10-17,"LKC",106,1177,0.737,6.551,0.0482,"PMRC Wet Deposition Hg 1999-2003"
1993-10-21,"LKC",108,1177,0.635,10.33,0.0656,"PMRC Wet Deposition Hg 1999-2003"
1993-10-21,"LKC",107,1064,0.533,10.49,0.0559,"PMRC Wet Deposition Hg 1999-2003"
1993-10-22,"LKC",109,106,0.102,11.36,0.0115,"PMRC Wet Deposition Hg 1999-2003"
1993-10-27,"LKC",110,1187,0.762,5.172,0.0394,"PMRC Wet Deposition Hg 1999-2003"
1993-10-30,"LKC",111,99,0.127,10.93,0.0138,"PMRC Wet Deposition Hg 1999-2003"
1993-10-31,"LKC",112,1191,1.499,5.172,0.0775,"PMRC Wet Deposition Hg 1999-2003"
1993-11-01,"LKC",113,1177,1.295,3.674,0.0475,"PMRC Wet Deposition Hg 1999-2003"
1993-11-03,"LKC",114,602,0.381,13.45,0.0512,"PMRC Wet Deposition Hg 1999-2003"
1993-11-05,"LKC",115,1192,1.143,5.914,0.0676,"PMRC Wet Deposition Hg 1999-2003"
1993-11-12,"LKC",116,129,0.127,16.12,0.0204,"PMRC Wet Deposition Hg 1999-2003"
1993-11-13,"LKC",117,175,0.102,14.38,0.0146,"PMRC Wet Deposition Hg 1999-2003"
1993-11-14,"LKC",118,1180,1.168,5.589,0.0652,"PMRC Wet Deposition Hg 1999-2003"
1993-11-15,"LKC",119,341,0.229,4.502,0.0103,"PMRC Wet Deposition Hg 1999-2003"
1993-11-28,"LKC",120,1188,3.073,2.694,0.0828,"PMRC Wet Deposition Hg 1999-2003"
1993-11-29,"LKC",121,167,0.127,13.46,0.0171,"PMRC Wet Deposition Hg 1999-2003"
1993-12-03,"LKC",122,769,0.381,18.11,0.069,"PMRC Wet Deposition Hg 1999-2003"
1993-12-04,"LKC",123,1180,0.914,5.142,0.047,"PMRC Wet Deposition Hg 1999-2003"
1993-12-06,"LKC",124,949,0.508,5.623,0.0285,"PMRC Wet Deposition Hg 1999-2003"
1993-12-10,"LKC",125,1159,0.762,7.686,0.0585,"PMRC Wet Deposition Hg 1999-2003"
1993-12-11,"LKC",126,1180,0.889,5.941,0.0528,"PMRC Wet Deposition Hg 1999-2003"
1993-12-21,"LKC",128,1183,2.235,2.482,0.0554,"PMRC Wet Deposition Hg 1999-2003"
1993-12-21,"LKC",127,539,0.381,9.439,0.0359,"PMRC Wet Deposition Hg 1999-2003"
1994-01-04,"LKC",130,1180,1.27,2.81,0.0356,"PMRC Wet Deposition Hg 1999-2003"
1994-01-04,"LKC",129,445,0.254,8.101,0.0205,"PMRC Wet Deposition Hg 1999-2003"
1994-01-05,"LKC",131,166,0.127,4.238,0.0053,"PMRC Wet Deposition Hg 1999-2003"
1994-01-06,"LKC",132,210,0.152,8.953,0.0136,"PMRC Wet Deposition Hg 1999-2003"
1994-01-07,"LKC",133,1182,1.524,3.538,0.0539,"PMRC Wet Deposition Hg 1999-2003"
1994-01-13,"LKC",134,200,0.229,13.87,0.0317,"PMRC Wet Deposition Hg 1999-2003"
1994-01-14,"LKC",135,511,0.381,5.55,0.0211,"PMRC Wet Deposition Hg 1999-2003"
1994-01-22,"LKC",137,273,0.152,8.904,0.0135,"PMRC Wet Deposition Hg 1999-2003"
1994-01-23,"LKC",138,295,0.279,6.713,0.0187,"PMRC Wet Deposition Hg 1999-2003"
1994-01-27,"LKC",139,790,0.737,11.82,0.0871,"PMRC Wet Deposition Hg 1999-2003"
1994-01-28,"LKC",140,1112,0.66,3.351,0.0221,"PMRC Wet Deposition Hg 1999-2003"
1994-02-09,"LKC",142,352,0.356,4.251,0.0151,"PMRC Wet Deposition Hg 1999-2003"
1994-02-09,"LKC",141,451,0.254,5.331,0.0135,"PMRC Wet Deposition Hg 1999-2003"
1994-02-13,"LKC",143,1072,0.508,8.611,0.0437,"PMRC Wet Deposition Hg 1999-2003"
1994-02-14,"LKC",144,92,0.152,2.946,0.0044,"PMRC Wet Deposition Hg 1999-2003"
1994-02-15,"LKC",145,555,0.279,20.39,0.0568,"PMRC Wet Deposition Hg 1999-2003"
1994-02-23,"LKC",146,1174,1.016,5.041,0.0512,"PMRC Wet Deposition Hg 1999-2003"
1994-02-24,"LKC",147,1191,0.864,3.902,0.0337,"PMRC Wet Deposition Hg 1999-2003"
1994-03-03,"LKC",148,1167,2.896,2.385,0.069,"PMRC Wet Deposition Hg 1999-2003"
1994-03-09,"LKC",149,1175,1.549,1.513,0.0234,"PMRC Wet Deposition Hg 1999-2003"
1994-03-13,"LKC",151,1188,0.914,8.725,0.0797,"PMRC Wet Deposition Hg 1999-2003"
1994-03-13,"LKC",150,1019,0.584,9.239,0.0539,"PMRC Wet Deposition Hg 1999-2003"
1994-03-15,"LKC",152,1195,0.762,9.48,0.0722,"PMRC Wet Deposition Hg 1999-2003"
1994-03-16,"LKC",153,985,0.787,10.69,0.0842,"PMRC Wet Deposition Hg 1999-2003"
1994-03-17,"LKC",154,312,0.127,6.833,0.0086,"PMRC Wet Deposition Hg 1999-2003"
1994-03-19,"LKC",155,235,0.127,17.13,0.0217,"PMRC Wet Deposition Hg 1999-2003"
1994-03-21,"LKC",156,1197,0.838,6.091,0.051,"PMRC Wet Deposition Hg 1999-2003"
1994-03-27,"LKC",157,958,0.406,11.27,0.0457,"PMRC Wet Deposition Hg 1999-2003"
1994-04-05,"LKC",159,436,3.632,8.082,0.2935,"PMRC Wet Deposition Hg 1999-2003"
1994-04-07,"LKC",160,1069,0.584,4.362,0.0254,"PMRC Wet Deposition Hg 1999-2003"
1994-04-10,"LKC",161,788,0.406,28.98,0.1176,"PMRC Wet Deposition Hg 1999-2003"
1994-04-13,"LKC",163,1186,0.584,6.913,0.0403,"PMRC Wet Deposition Hg 1999-2003"
1994-04-13,"LKC",162,195,0.102,13.43,0.0137,"PMRC Wet Deposition Hg 1999-2003"
1994-04-16,"LKC",164,1186,2.413,7.037,0.1698,"PMRC Wet Deposition Hg 1999-2003"
1994-04-20,"LKC",165,480,0.356,9.689,0.0344,"PMRC Wet Deposition Hg 1999-2003"
1994-05-01,"LKC",166,1168,1.397,13.15,0.1837,"PMRC Wet Deposition Hg 1999-2003"
1994-05-05,"LKC",167,1184,0.61,18.42,0.1123,"PMRC Wet Deposition Hg 1999-2003"
1994-05-07,"LKC",168,1186,1.473,8.776,0.1292,"PMRC Wet Deposition Hg 1999-2003"
1994-05-09,"LKC",169,352,0.152,12.15,0.0184,"PMRC Wet Deposition Hg 1999-2003"
1994-05-10,"LKC",170,257,0.076,12.71,0.0096,"PMRC Wet Deposition Hg 1999-2003"
1994-05-12,"LKC",171,407,0.152,16.74,0.0254,"PMRC Wet Deposition Hg 1999-2003"
1994-05-16,"LKC",173,1184,1.651,5.41,0.0893,"PMRC Wet Deposition Hg 1999-2003"
1994-05-16,"LKC",172,1186,0.787,7.853,0.0618,"PMRC Wet Deposition Hg 1999-2003"
1994-05-17,"LKC",174,994,0.533,24.5,0.1305,"PMRC Wet Deposition Hg 1999-2003"
1994-05-25,"LKC",175,1187,0.66,8.828,0.0582,"PMRC Wet Deposition Hg 1999-2003"
1994-05-25,"LKC",176,641,0.279,12.43,0.0347,"PMRC Wet Deposition Hg 1999-2003"
1994-05-26,"LKC",177,1198,2.794,4.917,0.1373,"PMRC Wet Deposition Hg 1999-2003"
1994-05-29,"LKC",178,1191,0.584,26.8,0.1565,"PMRC Wet Deposition Hg 1999-2003"
1994-05-31,"LKC",179,1177,2.388,23.04,0.5502,"PMRC Wet Deposition Hg 1999-2003"
1994-06-01,"LKC",180,585,0.33,18.76,0.0619,"PMRC Wet Deposition Hg 1999-2003"
1994-06-02,"LKC",181,1195,0.711,8.921,0.0634,"PMRC Wet Deposition Hg 1999-2003"
1994-06-06,"LKC",182,1197,3.912,12.04,0.471,"PMRC Wet Deposition Hg 1999-2003"
1994-06-07,"LKC",183,509,0.457,8.453,0.0386,"PMRC Wet Deposition Hg 1999-2003"
1994-06-11,"LKC",184,1181,0.889,11.64,0.1034,"PMRC Wet Deposition Hg 1999-2003"
1994-06-12,"LKC",185,1184,2.032,7.323,0.1488,"PMRC Wet Deposition Hg 1999-2003"
1994-06-13,"LKC",186,821,0.457,12.01,0.0549,"PMRC Wet Deposition Hg 1999-2003"
1994-06-21,"LKC",187,279,0.381,43.7,0.1665,"PMRC Wet Deposition Hg 1999-2003"
1994-06-22,"LKC",188,1186,0.66,16.97,0.112,"PMRC Wet Deposition Hg 1999-2003"
1994-06-25,"LKC",189,171,0.203,12.17,0.0247,"PMRC Wet Deposition Hg 1999-2003"
1994-06-27,"LKC",190,877,0.508,21.68,0.1101,"PMRC Wet Deposition Hg 1999-2003"
1994-07-05,"LKC",191,426,0.381,12.03,0.0458,"PMRC Wet Deposition Hg 1999-2003"
1994-07-07,"LKC",192,1195,1.6,5.475,0.0876,"PMRC Wet Deposition Hg 1999-2003"
1994-07-09,"LKC",193,1180,1.27,13.82,0.1755,"PMRC Wet Deposition Hg 1999-2003"
1994-07-10,"LKC",194,247,0.127,5.097,0.0064,"PMRC Wet Deposition Hg 1999-2003"
1994-07-15,"LKC",195,187,0.076,9.232,0.007,"PMRC Wet Deposition Hg 1999-2003"
1994-07-18,"LKC",196,313,0.203,14.42,0.0292,"PMRC Wet Deposition Hg 1999-2003"
1994-07-21,"LKC",197,1190,0.635,15.81,0.1003,"PMRC Wet Deposition Hg 1999-2003"
1994-07-23,"LKC",198,454,0.203,19.74,0.04,"PMRC Wet Deposition Hg 1999-2003"
1994-07-26,"LKC",199,1028,0.533,16.52,0.088,"PMRC Wet Deposition Hg 1999-2003"
1994-07-28,"LKC",200,1168,0.711,7.528,0.0535,"PMRC Wet Deposition Hg 1999-2003"
1994-07-30,"LKC",201,1196,0.762,9.342,0.0711,"PMRC Wet Deposition Hg 1999-2003"
1994-08-02,"LKC",202,1173,2.159,13.37,0.2887,"PMRC Wet Deposition Hg 1999-2003"
1994-08-04,"LKC",203,1166,3.759,2.662,0.1,"PMRC Wet Deposition Hg 1999-2003"
1994-08-13,"LKC",204,1191,1.143,9.618,0.1099,"PMRC Wet Deposition Hg 1999-2003"
1994-08-14,"LKC",205,1185,1.016,5.453,0.0554,"PMRC Wet Deposition Hg 1999-2003"
1994-08-15,"LKC",206,67,0.35078,10.35,0.0363,"PMRC Wet Deposition Hg 1999-2003"
1994-08-17,"LKC",207,93,0.48691,7.302,0.0355,"PMRC Wet Deposition Hg 1999-2003"
1994-08-21,"LKC",208,696,3.64397,7.508,0.2735,"PMRC Wet Deposition Hg 1999-2003"
1994-08-25,"LKC",209,311,1.62827,8.807,0.1434,"PMRC Wet Deposition Hg 1999-2003"
1994-08-26,"LKC",210,141,0.73821,12.4,0.0915,"PMRC Wet Deposition Hg 1999-2003"
1994-08-31,"LKC",211,142,0.74345,10.8,0.0803,"PMRC Wet Deposition Hg 1999-2003"
1994-09-01,"LKC",212,44,0.23036,20.18,0.0465,"PMRC Wet Deposition Hg 1999-2003"
1994-09-05,"LKC",213,99,0.51832,7.225,0.0374,"PMRC Wet Deposition Hg 1999-2003"
1994-09-07,"LKC",214,91,0.47643,4.29,0.0204,"PMRC Wet Deposition Hg 1999-2003"
1994-09-10,"LKC",215,92,0.48167,7.694,0.037,"PMRC Wet Deposition Hg 1999-2003"
1994-09-11,"LKC",216,444,2.3246,11.69,0.2719,"PMRC Wet Deposition Hg 1999-2003"
1994-09-13,"LKC",217,318,1.66492,2.074,0.0345,"PMRC Wet Deposition Hg 1999-2003"
1994-09-23,"LKC",219,99,0.51832,4.876,0.0252,"PMRC Wet Deposition Hg 1999-2003"
1994-09-24,"LKC",220,24,0.12565,6.665,0.0083,"PMRC Wet Deposition Hg 1999-2003"
1994-09-27,"LKC",221,61,0.31937,10.81,0.0345,"PMRC Wet Deposition Hg 1999-2003"
1994-09-28,"LKC",222,61,0.31937,14.67,0.0468,"PMRC Wet Deposition Hg 1999-2003"
1994-09-29,"LKC",223,245,1.28272,3.845,0.0493,"PMRC Wet Deposition Hg 1999-2003"
1994-10-04,"LKC",224,56,0.29319,4.932,0.0144,"PMRC Wet Deposition Hg 1999-2003"
1994-10-05,"LKC",225,57,0.29842,8.688,0.0259,"PMRC Wet Deposition Hg 1999-2003"
1994-10-09,"LKC",226,233,1.21989,6.494,0.0792,"PMRC Wet Deposition Hg 1999-2003"
1994-10-18,"LKC",227,30,0.15706,25.02,0.0393,"PMRC Wet Deposition Hg 1999-2003"
1994-10-19,"LKC",228,56,0.29319,43.73,0.1282,"PMRC Wet Deposition Hg 1999-2003"
1994-10-20,"LKC",229,689,3.60732,5.299,0.1911,"PMRC Wet Deposition Hg 1999-2003"
1994-10-31,"LKC",230,357,1.8691,8.362,0.1563,"PMRC Wet Deposition Hg 1999-2003"
1994-11-01,"LKC",231,71,0.37172,4.22,0.0156,"PMRC Wet Deposition Hg 1999-2003"
1994-11-02,"LKC",232,190,0.99476,2.533,0.0252,"PMRC Wet Deposition Hg 1999-2003"
1994-11-04,"LKC",233,109,0.57068,15.09,0.0861,"PMRC Wet Deposition Hg 1999-2003"
1994-11-05,"LKC",234,115,0.60209,9.797,0.0589,"PMRC Wet Deposition Hg 1999-2003"
1994-11-06,"LKC",235,115,0.60209,3.267,0.0196,"PMRC Wet Deposition Hg 1999-2003"
1994-11-21,"LKC",236,102,0.53403,12.83,0.0685,"PMRC Wet Deposition Hg 1999-2003"
1994-11-26,"LKC",237,155,0.81151,5.297,0.0429,"PMRC Wet Deposition Hg 1999-2003"
1994-11-28,"LKC",238,37,0.19371,18.93,0.0366,"PMRC Wet Deposition Hg 1999-2003"
1994-11-28,"LKC",239,185,0.96858,3.535,0.0342,"PMRC Wet Deposition Hg 1999-2003"
1994-12-05,"LKC",241,422,2.20942,3.967,0.0876,"PMRC Wet Deposition Hg 1999-2003"
1994-12-05,"LKC",240,36,0.18848,21.36,0.0402,"PMRC Wet Deposition Hg 1999-2003"
1994-12-06,"LKC",242,62,0.3246,6.157,0.0199,"PMRC Wet Deposition Hg 1999-2003"
1994-12-10,"LKC",243,56,0.29319,5.943,0.0174,"PMRC Wet Deposition Hg 1999-2003"
1994-12-17,"LKC",244,48,0.2513,4.706,0.0118,"PMRC Wet Deposition Hg 1999-2003"
1994-12-18,"LKC",245,24,0.12565,16.41,0.0206,"PMRC Wet Deposition Hg 1999-2003"
1994-12-28,"LKC",246,72,0.37696,8.461,0.0318,"PMRC Wet Deposition Hg 1999-2003"
1995-01-01,"LKC",248,54,0.28272,3.38,0.0095,"PMRC Wet Deposition Hg 1999-2003"
1995-01-03,"LKC",249,39,0.20418,8.168,0.0166,"PMRC Wet Deposition Hg 1999-2003"
1995-01-06,"LKC",250,45,0.2356,3.818,0.0089,"PMRC Wet Deposition Hg 1999-2003"
1995-01-12,"LKC",251,68,0.35602,14.31,0.0509,"PMRC Wet Deposition Hg 1999-2003"
1995-01-15,"LKC",252,115,0.60209,3.157,0.019,"PMRC Wet Deposition Hg 1999-2003"
1995-01-16,"LKC",253,113,0.59162,4.948,0.0292,"PMRC Wet Deposition Hg 1999-2003"
1995-01-20,"LKC",254,246,1.28795,3.028,0.039,"PMRC Wet Deposition Hg 1999-2003"
1995-01-21,"LKC",255,81,0.42408,2.518,0.0106,"PMRC Wet Deposition Hg 1999-2003"
1995-01-22,"LKC",256,108,0.56544,3.025,0.0171,"PMRC Wet Deposition Hg 1999-2003"
1995-02-01,"LKC",257,26,0.13612,11.08,0.015,"PMRC Wet Deposition Hg 1999-2003"
1995-02-04,"LKC",258,252,1.31937,2.808,0.037,"PMRC Wet Deposition Hg 1999-2003"
1995-02-24,"LKC",260,83,0.43455,28.44,0.1236,"PMRC Wet Deposition Hg 1999-2003"
1995-02-27,"LKC",261,105,0.54973,3.95,0.0217,"PMRC Wet Deposition Hg 1999-2003"
1995-02-28,"LKC",262,30,0.15706,4.771,0.0074,"PMRC Wet Deposition Hg 1999-2003"
1995-03-08,"LKC",263,466,2.43979,3.552,0.0866,"PMRC Wet Deposition Hg 1999-2003"
1995-03-16,"LKC",264,48,0.2513,15.91,0.0399,"PMRC Wet Deposition Hg 1999-2003"
1995-03-21,"LKC",265,163,0.8534,4.204,0.0358,"PMRC Wet Deposition Hg 1999-2003"
1995-03-22,"LKC",266,83,0.43455,2.968,0.0128,"PMRC Wet Deposition Hg 1999-2003"
1995-03-30,"LKC",267,70,0.36649,9.904,0.0363,"PMRC Wet Deposition Hg 1999-2003"
1995-04-04,"LKC",268,82,0.42931,8.548,0.0367,"PMRC Wet Deposition Hg 1999-2003"
1995-04-12,"LKC",269,268,1.40314,7.176,0.1006,"PMRC Wet Deposition Hg 1999-2003"
1995-04-15,"LKC",270,136,0.71204,3.415,0.0243,"PMRC Wet Deposition Hg 1999-2003"
1995-04-19,"LKC",271,41,0.21465,32.34,0.0694,"PMRC Wet Deposition Hg 1999-2003"
1995-04-21,"LKC",272,98,0.51308,6.533,0.0335,"PMRC Wet Deposition Hg 1999-2003"
1995-04-26,"LKC",273,71,0.37172,12.86,0.0478,"PMRC Wet Deposition Hg 1999-2003"
1995-04-27,"LKC",274,237,1.24083,27.56,0.342,"PMRC Wet Deposition Hg 1999-2003"
1995-04-28,"LKC",275,56,0.29319,23.83,0.0698,"PMRC Wet Deposition Hg 1999-2003"
1995-04-29,"LKC",276,165,0.86387,11.72,0.1012,"PMRC Wet Deposition Hg 1999-2003"
1995-05-12,"LKC",277,62,0.3246,6.864,0.0222,"PMRC Wet Deposition Hg 1999-2003"
1995-05-14,"LKC",278,312,1.6335,30.92,0.5051,"PMRC Wet Deposition Hg 1999-2003"
1995-05-15,"LKC",279,107,0.5602,8.772,0.0491,"PMRC Wet Deposition Hg 1999-2003"
1995-05-17,"LKC",280,94,0.49214,16.8,0.0826,"PMRC Wet Deposition Hg 1999-2003"
1995-05-21,"LKC",281,47,0.24607,40.65,0.1,"PMRC Wet Deposition Hg 1999-2003"
1995-05-24,"LKC",282,306,1.60209,7.957,0.1274,"PMRC Wet Deposition Hg 1999-2003"
1995-05-26,"LKC",283,160,0.83769,17.08,0.1431,"PMRC Wet Deposition Hg 1999-2003"
1995-05-28,"LKC",284,105,0.54973,27.38,0.1505,"PMRC Wet Deposition Hg 1999-2003"
1995-05-29,"LKC",285,295,1.5445,3.273,0.0505,"PMRC Wet Deposition Hg 1999-2003"
1995-06-02,"LKC",286,87,0.45549,14.92,0.0679,"PMRC Wet Deposition Hg 1999-2003"
1995-06-03,"LKC",287,85,0.44502,13.54,0.0602,"PMRC Wet Deposition Hg 1999-2003"
1995-06-11,"LKC",288,309,1.6178,12.4,0.2006,"PMRC Wet Deposition Hg 1999-2003"
1995-07-01,"LKC",289,1062,5.5602,8.655,0.4812,"PMRC Wet Deposition Hg 1999-2003"
1995-07-06,"LKC",290,339,1.77486,11.13,0.1976,"PMRC Wet Deposition Hg 1999-2003"
1995-07-08,"LKC",291,165,0.86387,14.03,0.1212,"PMRC Wet Deposition Hg 1999-2003"
1995-07-10,"LKC",292,38,0.19895,16.08,0.032,"PMRC Wet Deposition Hg 1999-2003"
1995-07-14,"LKC",293,179,0.93717,26.96,0.2526,"PMRC Wet Deposition Hg 1999-2003"
1995-07-16,"LKC",294,530,2.77486,7.262,0.2015,"PMRC Wet Deposition Hg 1999-2003"
1995-07-17,"LKC",295,308,1.61256,4.845,0.0781,"PMRC Wet Deposition Hg 1999-2003"
1995-07-18,"LKC",296,42,0.21989,14.3,0.0314,"PMRC Wet Deposition Hg 1999-2003"
1995-07-20,"LKC",297,180,0.9424,8.554,0.0806,"PMRC Wet Deposition Hg 1999-2003"
1995-07-23,"LKC",298,270,1.41361,13.05,0.1846,"PMRC Wet Deposition Hg 1999-2003"
1995-07-26,"LKC",299,184,0.96335,16.35,0.1575,"PMRC Wet Deposition Hg 1999-2003"
1995-07-29,"LKC",301,133,0.69633,10.1,0.0703,"PMRC Wet Deposition Hg 1999-2003"
1995-07-29,"LKC",300,49,0.25654,14.87,0.0381,"PMRC Wet Deposition Hg 1999-2003"
1995-08-03,"LKC",302,1141,5.97382,10.95,0.6546,"PMRC Wet Deposition Hg 1999-2003"
1995-08-04,"LKC",303,1142,5.97905,4.11,0.2457,"PMRC Wet Deposition Hg 1999-2003"
1995-08-05,"LKC",304,1161,6.07853,4.297,0.2612,"PMRC Wet Deposition Hg 1999-2003"
1995-08-06,"LKC",305,30,0.15706,12.6,0.0197,"PMRC Wet Deposition Hg 1999-2003"
1995-08-11,"LKC",306,507,2.65445,20.75,0.5509,"PMRC Wet Deposition Hg 1999-2003"
1995-08-15,"LKC",307,75,0.39267,14.32,0.0562,"PMRC Wet Deposition Hg 1999-2003"
1995-08-23,"LKC",308,60,0.31413,24.83,0.078,"PMRC Wet Deposition Hg 1999-2003"
1995-09-05,"LKC",309,83,0.43455,17.46,0.0759,"PMRC Wet Deposition Hg 1999-2003"
1995-09-07,"LKC",310,126,0.65968,21.02,0.1387,"PMRC Wet Deposition Hg 1999-2003"
1995-09-09,"LKC",311,59,0.3089,7.049,0.0217,"PMRC Wet Deposition Hg 1999-2003"
1995-09-13,"LKC",312,138,0.72251,16.17,0.1168,"PMRC Wet Deposition Hg 1999-2003"
1995-09-14,"LKC",313,429,2.24607,7.666,0.1722,"PMRC Wet Deposition Hg 1999-2003"
1995-09-14,"LKC",314,119,0.62303,4.236,0.0263,"PMRC Wet Deposition Hg 1999-2003"
1995-09-17,"LKC",315,88,0.46073,1.958,0.009,"PMRC Wet Deposition Hg 1999-2003"
1995-09-21,"LKC",316,25,0.13089,12.81,0.0167,"PMRC Wet Deposition Hg 1999-2003"
1995-09-22,"LKC",317,616,3.22513,1.498,0.0483,"PMRC Wet Deposition Hg 1999-2003"
1995-09-25,"LKC",318,66,0.34554,10.79,0.0373,"PMRC Wet Deposition Hg 1999-2003"
1995-09-26,"LKC",319,150,0.78534,7.226,0.0567,"PMRC Wet Deposition Hg 1999-2003"
1995-10-04,"LKC",320,232,1.21465,12.98,0.1576,"PMRC Wet Deposition Hg 1999-2003"
1995-10-04,"LKC",321,107,0.5602,6.678,0.0374,"PMRC Wet Deposition Hg 1999-2003"
1995-10-05,"LKC",322,413,2.1623,3.191,0.069,"PMRC Wet Deposition Hg 1999-2003"
1995-10-14,"LKC",323,1148,6.01047,3.244,0.195,"PMRC Wet Deposition Hg 1999-2003"
1995-10-16,"LKC",324,29,0.15183,5.24,0.0079,"PMRC Wet Deposition Hg 1999-2003"
1995-10-21,"LKC",325,771,4.03664,1.561,0.063,"PMRC Wet Deposition Hg 1999-2003"
1995-10-24,"LKC",326,76,0.3979,8.112,0.0322,"PMRC Wet Deposition Hg 1999-2003"
1995-10-27,"LKC",327,388,2.03141,3.732,0.0758,"PMRC Wet Deposition Hg 1999-2003"
1995-10-28,"LKC",328,155,0.81151,3.008,0.0244,"PMRC Wet Deposition Hg 1999-2003"
1995-10-29,"LKC",329,47,0.24607,3.41,0.0083,"PMRC Wet Deposition Hg 1999-2003"
1995-11-01,"LKC",330,98,0.51308,10.08,0.0517,"PMRC Wet Deposition Hg 1999-2003"
1995-11-03,"LKC",331,172,0.90052,4.701,0.0423,"PMRC Wet Deposition Hg 1999-2003"
1995-11-07,"LKC",332,158,0.82722,2.595,0.0214,"PMRC Wet Deposition Hg 1999-2003"
1995-11-08,"LKC",333,21,0.10994,4.316,0.0047,"PMRC Wet Deposition Hg 1999-2003"
1995-11-11,"LKC",334,720,3.76963,2.756,0.1038,"PMRC Wet Deposition Hg 1999-2003"
1995-11-12,"LKC",335,23,0.12041,4.83,0.0058,"PMRC Wet Deposition Hg 1999-2003"
1995-11-14,"LKC",336,201,1.05235,1.526,0.016,"PMRC Wet Deposition Hg 1999-2003"
1995-11-15,"LKC",337,32,0.16753,5.843,0.0097,"PMRC Wet Deposition Hg 1999-2003"
1995-11-27,"LKC",338,29,0.15183,59.08,0.0897,"PMRC Wet Deposition Hg 1999-2003"
1995-11-30,"LKC",339,63,0.32984,4.832,0.0159,"PMRC Wet Deposition Hg 1999-2003"
1995-12-01,"LKC",340,98,0.51308,9.63,0.0494,"PMRC Wet Deposition Hg 1999-2003"
1995-12-09,"LKC",342,73,0.38219,4.759,0.0181,"PMRC Wet Deposition Hg 1999-2003"
1995-12-19,"LKC",344,33,0.17277,2.039,0.0035,"PMRC Wet Deposition Hg 1999-2003"
1995-12-20,"LKC",345,77,0.40314,2.84,0.0114,"PMRC Wet Deposition Hg 1999-2003"
1995-12-21,"LKC",346,103,0.53926,6.335,0.0341,"PMRC Wet Deposition Hg 1999-2003"
1995-12-22,"LKC",347,25,0.13089,12.74,0.0166,"PMRC Wet Deposition Hg 1999-2003"
1995-12-25,"LKC",349,61,0.31937,3.388,0.0108,"PMRC Wet Deposition Hg 1999-2003"
1995-12-26,"LKC",350,63,0.32984,1.847,0.006,"PMRC Wet Deposition Hg 1999-2003"
1996-01-03,"LKC",351,97,0.50785,3.97,0.0201,"PMRC Wet Deposition Hg 1999-2003"
1996-01-19,"LKC",352,397,2.07853,2.183,0.0453,"PMRC Wet Deposition Hg 1999-2003"
1996-01-23,"LKC",353,122,0.63874,8.578,0.0547,"PMRC Wet Deposition Hg 1999-2003"
1996-01-24,"LKC",354,122,0.63874,3.748,0.0239,"PMRC Wet Deposition Hg 1999-2003"
1996-01-27,"LKC",356,536,2.80628,2.724,0.0764,"PMRC Wet Deposition Hg 1999-2003"
1996-01-27,"LKC",355,39,0.20418,9.826,0.02,"PMRC Wet Deposition Hg 1999-2003"
1996-02-08,"LKC",357,151,0.79057,3.801,0.03,"PMRC Wet Deposition Hg 1999-2003"
1996-02-09,"LKC",358,54,0.28272,6.208,0.0175,"PMRC Wet Deposition Hg 1999-2003"
1996-02-11,"LKC",359,30,0.15706,30.3,0.0475,"PMRC Wet Deposition Hg 1999-2003"
1996-02-18,"LKC",361,35,0.18324,6.911,0.0126,"PMRC Wet Deposition Hg 1999-2003"
1996-02-21,"LKC",362,75,0.39267,5.93,0.0232,"PMRC Wet Deposition Hg 1999-2003"
1996-02-24,"LKC",363,78,0.40837,17.77,0.0725,"PMRC Wet Deposition Hg 1999-2003"
1996-02-24,"LKC",364,77,0.40314,5.407,0.0218,"PMRC Wet Deposition Hg 1999-2003"
1996-02-28,"LKC",365,145,0.75916,10.18,0.0773,"PMRC Wet Deposition Hg 1999-2003"
1996-03-07,"LKC",367,42,0.21989,2.374,0.0052,"PMRC Wet Deposition Hg 1999-2003"
1996-03-08,"LKC",368,25,0.13089,4.622,0.006,"PMRC Wet Deposition Hg 1999-2003"
1996-03-20,"LKC",369,26,0.13612,10.51,0.0143,"PMRC Wet Deposition Hg 1999-2003"
1996-04-01,"LKC",370,48,0.2513,4.555,0.0114,"PMRC Wet Deposition Hg 1999-2003"
1996-04-11,"LKC",371,57,0.29842,17.59,0.0525,"PMRC Wet Deposition Hg 1999-2003"
1996-04-13,"LKC",372,322,1.68586,5.777,0.0974,"PMRC Wet Deposition Hg 1999-2003"
1996-04-14,"LKC",373,20,0.10471,8.925,0.0093,"PMRC Wet Deposition Hg 1999-2003"
1996-04-21,"LKC",375,342,1.79057,17.1,0.3063,"PMRC Wet Deposition Hg 1999-2003"
1996-04-22,"LKC",376,93,0.48691,35.6,0.1733,"PMRC Wet Deposition Hg 1999-2003"
1996-04-23,"LKC",377,721,3.77486,5.977,0.2256,"PMRC Wet Deposition Hg 1999-2003"
1996-04-25,"LKC",378,54,0.28272,20.57,0.0581,"PMRC Wet Deposition Hg 1999-2003"
1996-04-26,"LKC",379,435,2.27748,9.946,0.2265,"PMRC Wet Deposition Hg 1999-2003"
1996-04-30,"LKC",380,294,1.53926,2.507,0.0385,"PMRC Wet Deposition Hg 1999-2003"
1996-05-03,"LKC",381,165,0.86387,7.23,0.0624,"PMRC Wet Deposition Hg 1999-2003"
1996-05-04,"LKC",382,280,1.46596,5.037,0.0738,"PMRC Wet Deposition Hg 1999-2003"
1996-05-10,"LKC",384,326,1.7068,6.959,0.1187,"PMRC Wet Deposition Hg 1999-2003"
1996-05-10,"LKC",383,169,0.88481,6.374,0.0564,"PMRC Wet Deposition Hg 1999-2003"
1996-05-11,"LKC",385,562,2.9424,3.211,0.0945,"PMRC Wet Deposition Hg 1999-2003"
1996-05-12,"LKC",386,104,0.5445,5.759,0.0313,"PMRC Wet Deposition Hg 1999-2003"
1996-05-18,"LKC",387,328,1.71727,10.69,0.1837,"PMRC Wet Deposition Hg 1999-2003"
1996-05-19,"LKC",388,22,0.11518,89.75,0.1033,"PMRC Wet Deposition Hg 1999-2003"
1996-05-20,"LKC",389,134,0.70157,10.46,0.0733,"PMRC Wet Deposition Hg 1999-2003"
1996-05-21,"LKC",390,36,0.18848,11.68,0.022,"PMRC Wet Deposition Hg 1999-2003"
1996-05-28,"LKC",391,142,0.74345,20.23,0.1504,"PMRC Wet Deposition Hg 1999-2003"
1996-05-29,"LKC",392,203,1.06282,6.734,0.0715,"PMRC Wet Deposition Hg 1999-2003"
1996-06-03,"LKC",393,63,0.32984,16.25,0.0536,"PMRC Wet Deposition Hg 1999-2003"
1996-06-07,"LKC",395,489,2.5602,10.32,0.2643,"PMRC Wet Deposition Hg 1999-2003"
1996-06-07,"LKC",394,254,1.32984,12.64,0.1681,"PMRC Wet Deposition Hg 1999-2003"
1996-06-12,"LKC",396,148,0.77486,21.84,0.1692,"PMRC Wet Deposition Hg 1999-2003"
1996-06-13,"LKC",397,722,3.7801,11.22,0.4242,"PMRC Wet Deposition Hg 1999-2003"
1996-06-22,"LKC",399,253,1.3246,9.306,0.1232,"PMRC Wet Deposition Hg 1999-2003"
1996-06-24,"LKC",400,110,0.57591,9.817,0.0565,"PMRC Wet Deposition Hg 1999-2003"
1996-06-25,"LKC",401,67,0.35078,16.48,0.0578,"PMRC Wet Deposition Hg 1999-2003"
1996-06-27,"LKC",402,113,0.59162,7.436,0.0439,"PMRC Wet Deposition Hg 1999-2003"
1996-06-30,"LKC",403,35,0.18324,32.78,0.06,"PMRC Wet Deposition Hg 1999-2003"
1996-07-03,"LKC",404,576,3.0157,3.309,0.0997,"PMRC Wet Deposition Hg 1999-2003"
1996-07-04,"LKC",405,175,0.91623,6.689,0.0612,"PMRC Wet Deposition Hg 1999-2003"
1996-07-08,"LKC",406,44,0.23036,36.29,0.0836,"PMRC Wet Deposition Hg 1999-2003"
1996-07-09,"LKC",407,264,1.38219,3.92,0.0541,"PMRC Wet Deposition Hg 1999-2003"
1996-07-10,"LKC",408,59,0.3089,13.21,0.0408,"PMRC Wet Deposition Hg 1999-2003"
1996-07-13,"LKC",409,156,0.81675,2.919,0.0238,"PMRC Wet Deposition Hg 1999-2003"
1996-07-14,"LKC",410,148,0.77486,15.38,0.1192,"PMRC Wet Deposition Hg 1999-2003"
1996-07-15,"LKC",411,93,0.48691,10.37,0.0505,"PMRC Wet Deposition Hg 1999-2003"
1996-07-19,"LKC",412,359,1.87958,8.206,0.1542,"PMRC Wet Deposition Hg 1999-2003"
1996-07-20,"LKC",413,235,1.23036,21.07,0.2593,"PMRC Wet Deposition Hg 1999-2003"
1996-07-23,"LKC",414,56,0.29319,23.54,0.069,"PMRC Wet Deposition Hg 1999-2003"
1996-07-25,"LKC",415,40,0.20942,26.92,0.0563,"PMRC Wet Deposition Hg 1999-2003"
1996-07-26,"LKC",416,457,2.39267,15.04,0.3599,"PMRC Wet Deposition Hg 1999-2003"
1996-07-27,"LKC",417,76,0.3979,20.04,0.0797,"PMRC Wet Deposition Hg 1999-2003"
1996-07-31,"LKC",418,148,0.77486,8.724,0.0676,"PMRC Wet Deposition Hg 1999-2003"
1996-08-01,"LKC",419,170,0.89005,13.57,0.1208,"PMRC Wet Deposition Hg 1999-2003"
1996-08-09,"LKC",420,39,0.20418,14.39,0.0294,"PMRC Wet Deposition Hg 1999-2003"
1996-08-20,"LKC",421,264,1.38219,6.177,0.0853,"PMRC Wet Deposition Hg 1999-2003"
1996-08-23,"LKC",422,48,0.2513,24.09,0.0605,"PMRC Wet Deposition Hg 1999-2003"
1996-08-26,"LKC",423,183,0.95811,13.39,0.1283,"PMRC Wet Deposition Hg 1999-2003"
1996-08-27,"LKC",424,44,0.23036,11.44,0.0263,"PMRC Wet Deposition Hg 1999-2003"
1996-09-07,"LKC",425,283,1.48167,4.097,0.0607,"PMRC Wet Deposition Hg 1999-2003"
1996-09-09,"LKC",426,157,0.82198,7.363,0.0605,"PMRC Wet Deposition Hg 1999-2003"
1996-09-13,"LKC",427,95,0.49738,2.568,0.0127,"PMRC Wet Deposition Hg 1999-2003"
1996-09-16,"LKC",428,48,0.2513,8.885,0.0223,"PMRC Wet Deposition Hg 1999-2003"
1996-09-23,"LKC",429,88,0.46073,15.74,0.0725,"PMRC Wet Deposition Hg 1999-2003"
1996-09-24,"LKC",430,174,0.91099,6.218,0.0566,"PMRC Wet Deposition Hg 1999-2003"
1996-09-28,"LKC",432,590,3.089,15.46,0.4777,"PMRC Wet Deposition Hg 1999-2003"
1996-09-28,"LKC",433,587,3.07329,6.842,0.2102,"PMRC Wet Deposition Hg 1999-2003"
1996-10-03,"LKC",434,205,1.07329,3.919,0.042,"PMRC Wet Deposition Hg 1999-2003"
1996-10-08,"LKC",435,232,1.21465,3.45,0.0419,"PMRC Wet Deposition Hg 1999-2003"
1996-10-10,"LKC",436,364,1.90575,5.697,0.1085,"PMRC Wet Deposition Hg 1999-2003"
1996-10-13,"LKC",438,42,0.21989,37.25,0.0819,"PMRC Wet Deposition Hg 1999-2003"
1996-10-20,"LKC",439,1178,6.16753,2.3,0.1418,"PMRC Wet Deposition Hg 1999-2003"
1996-10-22,"LKC",441,181,0.94764,1.827,0.0173,"PMRC Wet Deposition Hg 1999-2003"
1996-10-22,"LKC",440,69,0.36125,3.662,0.0132,"PMRC Wet Deposition Hg 1999-2003"
1996-10-24,"LKC",442,174,0.91099,5.042,0.0459,"PMRC Wet Deposition Hg 1999-2003"
1996-10-30,"LKC",443,51,0.26701,37.6,0.1004,"PMRC Wet Deposition Hg 1999-2003"
1996-11-02,"LKC",444,68,0.35602,10.24,0.0364,"PMRC Wet Deposition Hg 1999-2003"
1996-11-08,"LKC",445,1023,5.35602,3.72,0.1992,"PMRC Wet Deposition Hg 1999-2003"
1996-11-09,"LKC",446,37,0.19371,5.911,0.0114,"PMRC Wet Deposition Hg 1999-2003"
1996-11-11,"LKC",447,33,0.17277,8.433,0.0145,"PMRC Wet Deposition Hg 1999-2003"
1996-11-19,"LKC",448,221,1.15706,3.84,0.0444,"PMRC Wet Deposition Hg 1999-2003"
1996-11-20,"LKC",449,28,0.14659,4.602,0.0067,"PMRC Wet Deposition Hg 1999-2003"
1996-11-25,"LKC",451,103,0.53926,3.393,0.0182,"PMRC Wet Deposition Hg 1999-2003"
1996-12-02,"LKC",452,69,0.36125,3.179,0.0114,"PMRC Wet Deposition Hg 1999-2003"
1996-12-07,"LKC",453,152,0.79581,2.621,0.0208,"PMRC Wet Deposition Hg 1999-2003"
1996-12-08,"LKC",454,24,0.12565,9.41,0.0118,"PMRC Wet Deposition Hg 1999-2003"
1996-12-14,"LKC",455,94,0.49214,1.568,0.0077,"PMRC Wet Deposition Hg 1999-2003"
1996-12-19,"LKC",456,85,0.44502,4.816,0.0214,"PMRC Wet Deposition Hg 1999-2003"
1996-12-23,"LKC",457,149,0.7801,9.033,0.0704,"PMRC Wet Deposition Hg 1999-2003"
1996-12-24,"LKC",458,116,0.60732,4.131,0.025,"PMRC Wet Deposition Hg 1999-2003"
1996-12-29,"LKC",459,105,0.54973,13.9,0.0764,"PMRC Wet Deposition Hg 1999-2003"
1997-01-02,"LKC",460,83,0.43455,8.067,0.035,"PMRC Wet Deposition Hg 1999-2003"
1997-01-05,"LKC",461,59,0.3089,7.021,0.0216,"PMRC Wet Deposition Hg 1999-2003"
1997-01-09,"LKC",462,72,0.37696,5.017,0.0189,"PMRC Wet Deposition Hg 1999-2003"
1997-01-10,"LKC",463,70,0.36649,3.43,0.0125,"PMRC Wet Deposition Hg 1999-2003"
1997-01-12,"LKC",464,27,0.14136,8.113,0.0114,"PMRC Wet Deposition Hg 1999-2003"
1997-01-16,"LKC",465,51.4,0.2691,6.235,0.0167,"PMRC Wet Deposition Hg 1999-2003"
1997-01-22,"LKC",466,39,0.20418,22.25,0.0454,"PMRC Wet Deposition Hg 1999-2003"
1997-01-24,"LKC",467,30,0.15706,10.49,0.0164,"PMRC Wet Deposition Hg 1999-2003"
1997-01-25,"LKC",468,49,0.25654,4.737,0.0121,"PMRC Wet Deposition Hg 1999-2003"
1997-02-04,"LKC",471,37,0.19371,6.931,0.0134,"PMRC Wet Deposition Hg 1999-2003"
1997-02-12,"LKC",473,21,0.10994,7.197,0.0079,"PMRC Wet Deposition Hg 1999-2003"
1997-02-21,"LKC",474,137,0.71727,13.27,0.0952,"PMRC Wet Deposition Hg 1999-2003"
1997-02-21,"LKC",475,28,0.14659,23.49,0.0344,"PMRC Wet Deposition Hg 1999-2003"
1997-02-22,"LKC",476,118,0.6178,7.896,0.0487,"PMRC Wet Deposition Hg 1999-2003"
1997-02-27,"LKC",477,48,0.2513,7.838,0.0196,"PMRC Wet Deposition Hg 1999-2003"
1997-03-01,"LKC",478,52,0.27225,7.259,0.0197,"PMRC Wet Deposition Hg 1999-2003"
1997-03-05,"LKC",480,275,1.43979,3.863,0.0556,"PMRC Wet Deposition Hg 1999-2003"
1997-03-14,"LKC",482,117,0.61256,4.414,0.027,"PMRC Wet Deposition Hg 1999-2003"
1997-03-25,"LKC",483,40,0.20942,10.24,0.0214,"PMRC Wet Deposition Hg 1999-2003"
1997-03-29,"LKC",484,45,0.2356,12.16,0.0286,"PMRC Wet Deposition Hg 1999-2003"
1997-03-31,"LKC",485,115,0.60209,3.827,0.023,"PMRC Wet Deposition Hg 1999-2003"
1997-04-06,"LKC",486,152,0.79581,35.76,0.2846,"PMRC Wet Deposition Hg 1999-2003"
1997-04-12,"LKC",487,39,0.20418,10.71,0.0218,"PMRC Wet Deposition Hg 1999-2003"
1997-04-18,"LKC",488,526,2.75392,3.183,0.0876,"PMRC Wet Deposition Hg 1999-2003"
1997-04-28,"LKC",489,568,2.97382,7.986,0.2375,"PMRC Wet Deposition Hg 1999-2003"
1997-05-01,"LKC",490,267,1.3979,16.79,0.2347,"PMRC Wet Deposition Hg 1999-2003"
1997-05-03,"LKC",491,71,0.37172,17.1,0.0636,"PMRC Wet Deposition Hg 1999-2003"
1997-05-06,"LKC",492,652,3.41361,2.993,0.1021,"PMRC Wet Deposition Hg 1999-2003"
1997-05-10,"LKC",493,184,0.96335,5.357,0.0516,"PMRC Wet Deposition Hg 1999-2003"
1997-05-10,"LKC",494,27,0.14136,9.155,0.0129,"PMRC Wet Deposition Hg 1999-2003"
1997-05-12,"LKC",495,136,0.71204,17.52,0.1247,"PMRC Wet Deposition Hg 1999-2003"
1997-05-15,"LKC",496,81,0.42408,20.37,0.0863,"PMRC Wet Deposition Hg 1999-2003"
1997-05-16,"LKC",497,121,0.6335,14.56,0.0922,"PMRC Wet Deposition Hg 1999-2003"
1997-05-18,"LKC",498,35,0.18324,10.62,0.0194,"PMRC Wet Deposition Hg 1999-2003"
1997-05-19,"LKC",499,64,0.33507,33.76,0.1131,"PMRC Wet Deposition Hg 1999-2003"
1997-05-22,"LKC",500,321,1.68062,10.25,0.1723,"PMRC Wet Deposition Hg 1999-2003"
1997-05-25,"LKC",501,22,0.11518,50.21,0.0578,"PMRC Wet Deposition Hg 1999-2003"
1997-05-30,"LKC",502,91,0.47643,11.71,0.0558,"PMRC Wet Deposition Hg 1999-2003"
1997-06-01,"LKC",503,130,0.68062,23.47,0.1597,"PMRC Wet Deposition Hg 1999-2003"
1997-06-12,"LKC",504,23,0.12041,53.11,0.0639,"PMRC Wet Deposition Hg 1999-2003"
1997-06-13,"LKC",505,167,0.87434,15.08,0.1319,"PMRC Wet Deposition Hg 1999-2003"
1997-06-17,"LKC",506,196,1.02617,18.6,0.1909,"PMRC Wet Deposition Hg 1999-2003"
1997-06-18,"LKC",507,343,1.79581,10.8,0.1939,"PMRC Wet Deposition Hg 1999-2003"
1997-06-22,"LKC",508,224,1.17277,16.19,0.1899,"PMRC Wet Deposition Hg 1999-2003"
1997-06-22,"LKC",509,212,1.10994,12.42,0.1378,"PMRC Wet Deposition Hg 1999-2003"
1997-06-26,"LKC",510,66,0.34554,19.73,0.0682,"PMRC Wet Deposition Hg 1999-2003"
1997-07-02,"LKC",511,34,0.17801,16.11,0.0286,"PMRC Wet Deposition Hg 1999-2003"
1997-07-03,"LKC",512,280,1.46596,12.3,0.1804,"PMRC Wet Deposition Hg 1999-2003"
1997-07-04,"LKC",513,93,0.48691,4.5,0.0219,"PMRC Wet Deposition Hg 1999-2003"
1997-07-09,"LKC",514,934,4.89005,12.32,0.6025,"PMRC Wet Deposition Hg 1999-2003"
1997-07-13,"LKC",515,149,0.7801,13.57,0.1059,"PMRC Wet Deposition Hg 1999-2003"
1997-07-14,"LKC",516,674,3.52879,21.07,0.7437,"PMRC Wet Deposition Hg 1999-2003"
1997-07-15,"LKC",517,387,2.02617,26.17,0.5304,"PMRC Wet Deposition Hg 1999-2003"
1997-07-19,"LKC",518,60,0.31413,11.2,0.0351,"PMRC Wet Deposition Hg 1999-2003"
1997-07-28,"LKC",519,89,0.46596,23.28,0.1085,"PMRC Wet Deposition Hg 1999-2003"
1997-08-02,"LKC",520,261,1.36649,14.02,0.1916,"PMRC Wet Deposition Hg 1999-2003"
1997-08-11,"LKC",521,511,2.67539,5.689,0.1522,"PMRC Wet Deposition Hg 1999-2003"
1997-08-13,"LKC",522,694,3.6335,6.069,0.2205,"PMRC Wet Deposition Hg 1999-2003"
1997-08-15,"LKC",523,531,2.7801,6.457,0.1795,"PMRC Wet Deposition Hg 1999-2003"
1997-08-21,"LKC",524,513,2.68586,3.497,0.0939,"PMRC Wet Deposition Hg 1999-2003"
1997-08-27,"LKC",526,121,0.6335,15.93,0.1009,"PMRC Wet Deposition Hg 1999-2003"
1997-08-28,"LKC",527,86,0.45026,15.42,0.0694,"PMRC Wet Deposition Hg 1999-2003"
1997-08-31,"LKC",528,152,0.79581,9.172,0.0729,"PMRC Wet Deposition Hg 1999-2003"
1997-09-03,"LKC",529,60,0.31413,12.06,0.0378,"PMRC Wet Deposition Hg 1999-2003"
1997-09-11,"LKC",530,83,0.43455,22.24,0.0966,"PMRC Wet Deposition Hg 1999-2003"
1997-09-12,"LKC",531,119,0.62303,16.6,0.1034,"PMRC Wet Deposition Hg 1999-2003"
1997-09-14,"LKC",532,61,0.31937,5.165,0.0164,"PMRC Wet Deposition Hg 1999-2003"
1997-09-15,"LKC",533,76,0.3979,10.54,0.0419,"PMRC Wet Deposition Hg 1999-2003"
1997-09-17,"LKC",534,126,0.65968,11.17,0.0737,"PMRC Wet Deposition Hg 1999-2003"
1997-09-19,"LKC",535,189,0.98952,17.4,0.1722,"PMRC Wet Deposition Hg 1999-2003"
1997-09-20,"LKC",536,206,1.07853,4.295,0.0463,"PMRC Wet Deposition Hg 1999-2003"
1997-09-23,"LKC",537,270,1.41361,16.56,0.2342,"PMRC Wet Deposition Hg 1999-2003"
1997-09-26,"LKC",538,63,0.32984,21.63,0.0713,"PMRC Wet Deposition Hg 1999-2003"
1997-09-29,"LKC",539,614,3.21465,8.412,0.2704,"PMRC Wet Deposition Hg 1999-2003"
1997-09-30,"LKC",540,419,2.19371,2.731,0.0599,"PMRC Wet Deposition Hg 1999-2003"
1997-10-03,"LKC",541,68,0.35602,7.943,0.0282,"PMRC Wet Deposition Hg 1999-2003"
1997-10-05,"LKC",542,415,2.17277,1.152,0.025,"PMRC Wet Deposition Hg 1999-2003"
1997-10-14,"LKC",543,146,0.76439,9.365,0.0715,"PMRC Wet Deposition Hg 1999-2003"
1997-10-20,"LKC",544,89,0.46596,8.836,0.0411,"PMRC Wet Deposition Hg 1999-2003"
1997-10-23,"LKC",545,180,0.9424,6.332,0.0596,"PMRC Wet Deposition Hg 1999-2003"
1997-10-27,"LKC",546,216,1.13089,8.225,0.093,"PMRC Wet Deposition Hg 1999-2003"
1997-11-01,"LKC",547,150,0.78534,3.594,0.0282,"PMRC Wet Deposition Hg 1999-2003"
1997-11-02,"LKC",548,322,1.68586,3.643,0.0614,"PMRC Wet Deposition Hg 1999-2003"
1997-11-04,"LKC",549,385,2.0157,3.684,0.0742,"PMRC Wet Deposition Hg 1999-2003"
1997-11-09,"LKC",550,524,2.74345,2.541,0.0697,"PMRC Wet Deposition Hg 1999-2003"
1997-11-14,"LKC",551,209,1.09424,2.833,0.031,"PMRC Wet Deposition Hg 1999-2003"
1997-11-15,"LKC",552,85,0.44502,1.401,0.0062,"PMRC Wet Deposition Hg 1999-2003"
1997-11-21,"LKC",553,54,0.28272,13.44,0.038,"PMRC Wet Deposition Hg 1999-2003"
1997-11-26,"LKC",554,356,1.86387,6.295,0.1173,"PMRC Wet Deposition Hg 1999-2003"
1997-11-28,"LKC",555,95,0.49738,10.11,0.0502,"PMRC Wet Deposition Hg 1999-2003"
1997-11-30,"LKC",556,140,0.73298,6.584,0.0482,"PMRC Wet Deposition Hg 1999-2003"
1997-12-05,"LKC",557,384,2.01047,4.153,0.0834,"PMRC Wet Deposition Hg 1999-2003"
1997-12-07,"LKC",558,69,0.36125,8.831,0.0319,"PMRC Wet Deposition Hg 1999-2003"
1997-12-13,"LKC",559,82,0.42931,5.323,0.0228,"PMRC Wet Deposition Hg 1999-2003"
1997-12-23,"LKC",560,25.6,0.13403,8.677,0.0116,"PMRC Wet Deposition Hg 1999-2003"
1997-12-25,"LKC",561,196.5,1.02879,4.99,0.0513,"PMRC Wet Deposition Hg 1999-2003"
1997-12-30,"LKC",562,251,1.31413,4.405,0.0578,"PMRC Wet Deposition Hg 1999-2003"
1997-12-30,"LKC",563,41,0.21465,5.508,0.0118,"PMRC Wet Deposition Hg 1999-2003"
1998-01-05,"LKC",565,387,2.02617,13.85,0.2807,"PMRC Wet Deposition Hg 1999-2003"
1998-01-05,"LKC",564,270,1.41361,9.348,0.1321,"PMRC Wet Deposition Hg 1999-2003"
1998-01-15,"LKC",566,173,0.90575,4.119,0.0373,"PMRC Wet Deposition Hg 1999-2003"
1998-01-20,"LKC",567,29,0.15183,17.34,0.0263,"PMRC Wet Deposition Hg 1999-2003"
1998-01-23,"LKC",568,204,1.06806,3.347,0.0357,"PMRC Wet Deposition Hg 1999-2003"
1998-02-12,"LKC",570,245,1.28272,3.024,0.0387,"PMRC Wet Deposition Hg 1999-2003"
1998-02-12,"LKC",569,183,0.95811,2.483,0.0237,"PMRC Wet Deposition Hg 1999-2003"
1998-02-17,"LKC",571,99,0.51832,8.867,0.0459,"PMRC Wet Deposition Hg 1999-2003"
1998-02-19,"LKC",572,120,0.62827,5.856,0.0367,"PMRC Wet Deposition Hg 1999-2003"
1998-02-20,"LKC",573,113,0.59162,3.361,0.0198,"PMRC Wet Deposition Hg 1999-2003"
1998-02-24,"LKC",574,314,1.64397,2.059,0.0338,"PMRC Wet Deposition Hg 1999-2003"
1998-02-28,"LKC",575,67,0.35078,9.885,0.0346,"PMRC Wet Deposition Hg 1999-2003"
1998-03-02,"LKC",576,50,0.26178,6.08,0.0159,"PMRC Wet Deposition Hg 1999-2003"
1998-03-04,"LKC",577,47,0.24607,7.162,0.0176,"PMRC Wet Deposition Hg 1999-2003"
1998-03-07,"LKC",578,39,0.20418,14.88,0.0303,"PMRC Wet Deposition Hg 1999-2003"
1998-03-08,"LKC",579,167,0.87434,4.696,0.041,"PMRC Wet Deposition Hg 1999-2003"
1998-03-09,"LKC",580,544,2.84816,5.75,0.1637,"PMRC Wet Deposition Hg 1999-2003"
1998-03-14,"LKC",581,111,0.58115,13.65,0.0793,"PMRC Wet Deposition Hg 1999-2003"
1998-03-18,"LKC",582,89,0.46596,7.029,0.0327,"PMRC Wet Deposition Hg 1999-2003"
1998-03-19,"LKC",583,64,0.33507,5.34,0.0178,"PMRC Wet Deposition Hg 1999-2003"
1998-03-21,"LKC",584,442,2.31413,3.219,0.0744,"PMRC Wet Deposition Hg 1999-2003"
1998-03-22,"LKC",585,63,0.32984,4.713,0.0155,"PMRC Wet Deposition Hg 1999-2003"
1998-03-26,"LKC",586,24,0.12565,39.19,0.0492,"PMRC Wet Deposition Hg 1999-2003"
1998-03-28,"LKC",587,53,0.27748,19.08,0.0529,"PMRC Wet Deposition Hg 1999-2003"
1998-03-31,"LKC",588,33,0.17277,47.18,0.0815,"PMRC Wet Deposition Hg 1999-2003"
1998-04-01,"LKC",589,58,0.30366,53.91,0.1637,"PMRC Wet Deposition Hg 1999-2003"
1998-04-01,"LKC",590,290,1.51832,6.504,0.0987,"PMRC Wet Deposition Hg 1999-2003"
1998-04-02,"LKC",591,209,1.09424,7.003,0.0766,"PMRC Wet Deposition Hg 1999-2003"
1998-04-04,"LKC",592,40,0.20942,7.113,0.0148,"PMRC Wet Deposition Hg 1999-2003"
1998-04-16,"LKC",593,37,0.19371,23.76,0.046,"PMRC Wet Deposition Hg 1999-2003"
1998-04-17,"LKC",594,226,1.18324,12.49,0.1478,"PMRC Wet Deposition Hg 1999-2003"
1998-04-19,"LKC",595,303,1.58638,7.507,0.1191,"PMRC Wet Deposition Hg 1999-2003"
1998-04-20,"LKC",596,131,0.68586,8.768,0.0601,"PMRC Wet Deposition Hg 1999-2003"
1998-04-25,"LKC",597,54,0.28272,15.6,0.0441,"PMRC Wet Deposition Hg 1999-2003"
1998-05-02,"LKC",598,61,0.31937,17.03,0.0544,"PMRC Wet Deposition Hg 1999-2003"
1998-05-04,"LKC",599,46,0.24083,16.14,0.0388,"PMRC Wet Deposition Hg 1999-2003"
1998-05-05,"LKC",600,70,0.36649,8.297,0.0304,"PMRC Wet Deposition Hg 1999-2003"
1998-05-06,"LKC",601,284,1.48691,2.734,0.0406,"PMRC Wet Deposition Hg 1999-2003"
1998-05-08,"LKC",602,43,0.22513,29.94,0.0674,"PMRC Wet Deposition Hg 1999-2003"
1998-05-09,"LKC",603,22,0.11518,36.42,0.0419,"PMRC Wet Deposition Hg 1999-2003"
1998-05-10,"LKC",604,39,0.20418,12.47,0.0254,"PMRC Wet Deposition Hg 1999-2003"
1998-05-17,"LKC",605,107,0.5602,31.63,0.1772,"PMRC Wet Deposition Hg 1999-2003"
1998-05-20,"LKC",606,73,0.38219,42.55,0.1626,"PMRC Wet Deposition Hg 1999-2003"
1998-05-21,"LKC",607,55,0.28795,5.123,0.0147,"PMRC Wet Deposition Hg 1999-2003"
1998-05-29,"LKC",608,243,1.27225,12.19,0.1551,"PMRC Wet Deposition Hg 1999-2003"
1998-05-31,"LKC",609,941,4.9267,13.12,0.6465,"PMRC Wet Deposition Hg 1999-2003"
1998-06-02,"LKC",610,585,3.06282,10.42,0.3191,"PMRC Wet Deposition Hg 1999-2003"
1998-06-04,"LKC",611,61,0.31937,21.43,0.0684,"PMRC Wet Deposition Hg 1999-2003"
1998-06-06,"LKC",612,64.7,0.33874,7.033,0.0238,"PMRC Wet Deposition Hg 1999-2003"
1998-06-08,"LKC",613,92.2,0.48272,8.369,0.0403,"PMRC Wet Deposition Hg 1999-2003"
1998-06-12,"LKC",614,133.1,0.69685,11.63,0.0811,"PMRC Wet Deposition Hg 1999-2003"
1998-06-13,"LKC",615,546.7,2.8623,4.058,0.1161,"PMRC Wet Deposition Hg 1999-2003"
1998-06-15,"LKC",616,193.6,1.01361,2.123,0.0215,"PMRC Wet Deposition Hg 1999-2003"
1998-06-17,"LKC",617,924.4,4.83979,6.496,0.3144,"PMRC Wet Deposition Hg 1999-2003"
1998-06-18,"LKC",618,458.7,2.40157,7.395,0.1776,"PMRC Wet Deposition Hg 1999-2003"
1998-06-22,"LKC",619,320.2,1.67643,14.96,0.2509,"PMRC Wet Deposition Hg 1999-2003"
1998-06-25,"LKC",620,609.1,3.189,10.6,0.3382,"PMRC Wet Deposition Hg 1999-2003"
1998-06-26,"LKC",621,598.2,3.13193,6.568,0.2057,"PMRC Wet Deposition Hg 1999-2003"
1998-06-27,"LKC",622,26.2,0.13717,8.734,0.0119,"PMRC Wet Deposition Hg 1999-2003"
1998-06-29,"LKC",623,115.1,0.60261,10.33,0.0623,"PMRC Wet Deposition Hg 1999-2003"
1998-07-01,"LKC",624,825.1,4.31989,3.984,0.1721,"PMRC Wet Deposition Hg 1999-2003"
1998-07-04,"LKC",625,346.3,1.81308,11.52,0.2089,"PMRC Wet Deposition Hg 1999-2003"
1998-07-08,"LKC",626,621.1,3.25183,7.3,0.2373,"PMRC Wet Deposition Hg 1999-2003"
1998-07-09,"LKC",627,354.4,1.85549,10.37,0.1924,"PMRC Wet Deposition Hg 1999-2003"
1998-07-10,"LKC",628,399.6,2.09214,11.13,0.233,"PMRC Wet Deposition Hg 1999-2003"
1998-07-16,"LKC",629,500,2.6178,20.96,0.5486,"PMRC Wet Deposition Hg 1999-2003"
1998-07-17,"LKC",630,247.8,1.29738,14.6,0.1894,"PMRC Wet Deposition Hg 1999-2003"
1998-07-20,"LKC",631,104,0.5445,13.9,0.0757,"PMRC Wet Deposition Hg 1999-2003"
1998-07-23,"LKC",632,307.9,1.61204,8.505,0.1371,"PMRC Wet Deposition Hg 1999-2003"
1998-07-28,"LKC",633,175.4,0.91832,12.89,0.1183,"PMRC Wet Deposition Hg 1999-2003"
1998-07-29,"LKC",634,436.9,2.28743,10.27,0.2351,"PMRC Wet Deposition Hg 1999-2003"
1998-07-29,"LKC",635,71.7,0.37539,6.9,0.0259,"PMRC Wet Deposition Hg 1999-2003"
1998-07-30,"LKC",636,182.9,0.95759,8.107,0.0776,"PMRC Wet Deposition Hg 1999-2003"
1998-08-06,"LKC",637,31,0.1623,35.35,0.0573,"PMRC Wet Deposition Hg 1999-2003"
1998-08-10,"LKC",638,919,4.81151,3.611,0.1737,"PMRC Wet Deposition Hg 1999-2003"
1998-08-11,"LKC",639,927,4.8534,6.692,0.3248,"PMRC Wet Deposition Hg 1999-2003"
1998-08-16,"LKC",640,97,0.50785,17.05,0.0866,"PMRC Wet Deposition Hg 1999-2003"
1998-08-20,"LKC",641,42,0.21989,20.19,0.0444,"PMRC Wet Deposition Hg 1999-2003"
1998-08-22,"LKC",642,218,1.14136,9.797,0.1118,"PMRC Wet Deposition Hg 1999-2003"
1998-08-24,"LKC",644,447,2.34031,17.7,0.4143,"PMRC Wet Deposition Hg 1999-2003"
1998-08-24,"LKC",643,223,1.16753,23.59,0.2755,"PMRC Wet Deposition Hg 1999-2003"
1998-08-25,"LKC",645,103,0.53926,11.62,0.0626,"PMRC Wet Deposition Hg 1999-2003"
1998-08-29,"LKC",646,103,0.53926,19.56,0.1055,"PMRC Wet Deposition Hg 1999-2003"
1998-09-02,"LKC",647,120,0.62827,14.78,0.0928,"PMRC Wet Deposition Hg 1999-2003"
1998-09-03,"LKC",648,131,0.68586,15.88,0.1089,"PMRC Wet Deposition Hg 1999-2003"
1998-09-07,"LKC",649,453,2.37172,3.626,0.086,"PMRC Wet Deposition Hg 1999-2003"
1998-09-08,"LKC",650,262,1.37172,3.198,0.0438,"PMRC Wet Deposition Hg 1999-2003"
1998-09-09,"LKC",651,196,1.02617,10.69,0.1097,"PMRC Wet Deposition Hg 1999-2003"
1998-09-12,"LKC",652,80,0.41884,8.905,0.0373,"PMRC Wet Deposition Hg 1999-2003"
1998-09-14,"LKC",653,73.8,0.38638,27.68,0.1069,"PMRC Wet Deposition Hg 1999-2003"
1998-09-15,"LKC",654,985,5.15706,9.396,0.4845,"PMRC Wet Deposition Hg 1999-2003"
1998-09-22,"LKC",655,113,0.59162,7.115,0.042,"PMRC Wet Deposition Hg 1999-2003"
1998-09-26,"LKC",656,437,2.28795,18.46,0.4225,"PMRC Wet Deposition Hg 1999-2003"
1998-09-27,"LKC",657,576,3.0157,10.39,0.3134,"PMRC Wet Deposition Hg 1999-2003"
1998-09-28,"LKC",658,27,0.14136,11.77,0.0166,"PMRC Wet Deposition Hg 1999-2003"
1998-09-30,"LKC",659,505,2.64397,13.42,0.3549,"PMRC Wet Deposition Hg 1999-2003"
1998-10-07,"LKC",660,314,1.64397,14.35,0.2359,"PMRC Wet Deposition Hg 1999-2003"
1998-10-08,"LKC",661,42,0.21989,9.175,0.0201,"PMRC Wet Deposition Hg 1999-2003"
1998-10-10,"LKC",662,96,0.50261,2.043,0.0102,"PMRC Wet Deposition Hg 1999-2003"
1998-10-11,"LKC",663,46,0.24083,4.328,0.0104,"PMRC Wet Deposition Hg 1999-2003"
1998-10-14,"LKC",665,215,1.12565,2.703,0.0304,"PMRC Wet Deposition Hg 1999-2003"
1998-10-14,"LKC",664,144,0.75392,2.816,0.0212,"PMRC Wet Deposition Hg 1999-2003"
1998-10-15,"LKC",666,115,0.60209,3.555,0.0214,"PMRC Wet Deposition Hg 1999-2003"
1998-10-21,"LKC",668,48,0.2513,6.279,0.0157,"PMRC Wet Deposition Hg 1999-2003"
1998-10-28,"LKC",669,316,1.65445,12.43,0.2057,"PMRC Wet Deposition Hg 1999-2003"
1998-10-30,"LKC",671,40,0.20942,3.371,0.007,"PMRC Wet Deposition Hg 1999-2003"
1998-11-01,"LKC",672,199,1.04188,5.482,0.0571,"PMRC Wet Deposition Hg 1999-2003"
1998-11-02,"LKC",673,76,0.3979,4.925,0.0195,"PMRC Wet Deposition Hg 1999-2003"
1998-11-03,"LKC",674,24,0.12565,6.941,0.0087,"PMRC Wet Deposition Hg 1999-2003"
1998-11-10,"LKC",675,311,1.62827,5.799,0.0944,"PMRC Wet Deposition Hg 1999-2003"
1998-11-12,"LKC",676,38,0.19895,15.04,0.0299,"PMRC Wet Deposition Hg 1999-2003"
1998-11-14,"LKC",677,174,0.91099,15.09,0.1374,"PMRC Wet Deposition Hg 1999-2003"
1998-11-16,"LKC",678,54,0.28272,4.15,0.0117,"PMRC Wet Deposition Hg 1999-2003"
1998-11-20,"LKC",679,91,0.47643,9.419,0.0448,"PMRC Wet Deposition Hg 1999-2003"
1998-11-21,"LKC",680,37,0.19371,6.384,0.0123,"PMRC Wet Deposition Hg 1999-2003"
1998-11-24,"LKC",681,35,0.18324,5.276,0.0096,"PMRC Wet Deposition Hg 1999-2003"
1998-11-26,"LKC",682,315,1.64921,4.838,0.0797,"PMRC Wet Deposition Hg 1999-2003"
1998-12-03,"LKC",685,36,0.18848,26.06,0.0491,"PMRC Wet Deposition Hg 1999-2003"
1998-12-05,"LKC",686,20,0.10471,20.39,0.0213,"PMRC Wet Deposition Hg 1999-2003"
1998-12-10,"LKC",689,89,0.46596,8.632,0.0402,"PMRC Wet Deposition Hg 1999-2003"
1998-12-16,"LKC",690,72,0.37696,3.035,0.0114,"PMRC Wet Deposition Hg 1999-2003"
1998-12-19,"LKC",691,47,0.24607,19.22,0.0472,"PMRC Wet Deposition Hg 1999-2003"
1998-12-21,"LKC",692,272,1.42408,5.058,0.072,"PMRC Wet Deposition Hg 1999-2003"
1998-12-30,"LKC",693,48,0.2513,4.701,0.0118,"PMRC Wet Deposition Hg 1999-2003"
1999-01-01,"LKC",694,23,0.12041,5.532,0.0066,"PMRC Wet Deposition Hg 1999-2003"
1999-01-03,"LKC",695,250,1.3089,5.941,0.0777,"PMRC Wet Deposition Hg 1999-2003"
1999-01-08,"LKC",696,379,1.98429,2.274,0.0451,"PMRC Wet Deposition Hg 1999-2003"
1999-01-13,"LKC",697,91,0.47643,3.692,0.0175,"PMRC Wet Deposition Hg 1999-2003"
1999-01-14,"LKC",698,491,2.57068,3.05,0.0784,"PMRC Wet Deposition Hg 1999-2003"
1999-01-18,"LKC",699,203,1.06282,3.147,0.0334,"PMRC Wet Deposition Hg 1999-2003"
1999-01-22,"LKC",701,47,0.24607,19.93,0.049,"PMRC Wet Deposition Hg 1999-2003"
1999-01-24,"LKC",702,275,1.43979,4.167,0.0599,"PMRC Wet Deposition Hg 1999-2003"
1999-01-27,"LKC",704,90,0.4712,3.642,0.0171,"PMRC Wet Deposition Hg 1999-2003"
1999-02-02,"LKC",705,160,0.83769,4.912,0.0411,"PMRC Wet Deposition Hg 1999-2003"
1999-02-10,"LKC",708,32,0.16753,5.518,0.0092,"PMRC Wet Deposition Hg 1999-2003"
1999-02-12,"LKC",709,212,1.10994,8.59,0.0953,"PMRC Wet Deposition Hg 1999-2003"
1999-02-13,"LKC",710,25,0.13089,11.89,0.0155,"PMRC Wet Deposition Hg 1999-2003"
1999-02-28,"LKC",714,416,2.17801,5.406,0.1177,"PMRC Wet Deposition Hg 1999-2003"
1999-03-01,"LKC",715,63,0.32984,5.801,0.0191,"PMRC Wet Deposition Hg 1999-2003"
1999-03-03,"LKC",716,149,0.7801,5.279,0.0411,"PMRC Wet Deposition Hg 1999-2003"
1999-03-04,"LKC",717,24,0.12565,9.608,0.012,"PMRC Wet Deposition Hg 1999-2003"
1999-03-06,"LKC",718,147,0.76963,1.675,0.0128,"PMRC Wet Deposition Hg 1999-2003"
1999-03-11,"LKC",719,131,0.68586,2.746,0.0188,"PMRC Wet Deposition Hg 1999-2003"
1999-03-12,"LKC",720,27,0.14136,14.29,0.0202,"PMRC Wet Deposition Hg 1999-2003"
1999-03-15,"LKC",721,25,0.13089,8.134,0.0106,"PMRC Wet Deposition Hg 1999-2003"
1999-03-18,"LKC",722,73,0.38219,4.58,0.0175,"PMRC Wet Deposition Hg 1999-2003"
1999-03-21,"LKC",723,498,2.60732,3.8,0.099,"PMRC Wet Deposition Hg 1999-2003"
1999-03-22,"LKC",724,257,1.34554,4.199,0.0565,"PMRC Wet Deposition Hg 1999-2003"
1999-03-30,"LKC",725,38,0.19895,16.97,0.0337,"PMRC Wet Deposition Hg 1999-2003"
1999-04-03,"LKC",728,184,0.96335,15.7,0.1512,"PMRC Wet Deposition Hg 1999-2003"
1999-04-03,"LKC",727,66,0.34554,35.39,0.1222,"PMRC Wet Deposition Hg 1999-2003"
1999-04-07,"LKC",729,69,0.36125,14.73,0.0532,"PMRC Wet Deposition Hg 1999-2003"
1999-04-16,"LKC",730,43,0.22513,9.05,0.0203,"PMRC Wet Deposition Hg 1999-2003"
1999-04-17,"LKC",731,41,0.21465,9.39,0.0201,"PMRC Wet Deposition Hg 1999-2003"
1999-05-04,"LKC",733,68,0.35602,14.36,0.0511,"PMRC Wet Deposition Hg 1999-2003"
1999-05-08,"LKC",734,178,0.93193,5.77,0.0537,"PMRC Wet Deposition Hg 1999-2003"
1999-05-09,"LKC",735,34,0.17801,11.82,0.021,"PMRC Wet Deposition Hg 1999-2003"
1999-05-19,"LKC",736,652,3.41361,4.58,0.1563,"PMRC Wet Deposition Hg 1999-2003"
1999-05-24,"LKC",737,295,1.5445,5.298,0.0818,"PMRC Wet Deposition Hg 1999-2003"
1999-05-25,"LKC",738,36,0.18848,24.35,0.0459,"PMRC Wet Deposition Hg 1999-2003"
1999-05-26,"LKC",739,63,0.32984,5.943,0.0196,"PMRC Wet Deposition Hg 1999-2003"
1999-06-01,"LKC",740,179,0.93717,6.967,0.0652,"PMRC Wet Deposition Hg 1999-2003"
1999-06-06,"LKC",741,415,2.17277,13.05,0.2835,"PMRC Wet Deposition Hg 1999-2003"
1999-06-08,"LKC",743,195,1.02094,9.995,0.102,"PMRC Wet Deposition Hg 1999-2003"
1999-06-08,"LKC",742,68,0.35602,21.64,0.077,"PMRC Wet Deposition Hg 1999-2003"
1999-06-13,"LKC",744,114,0.59685,40.81,0.2435,"PMRC Wet Deposition Hg 1999-2003"
1999-06-14,"LKC",745,242,1.26701,5.364,0.0679,"PMRC Wet Deposition Hg 1999-2003"
1999-06-18,"LKC",746,72,0.37696,13.93,0.0525,"PMRC Wet Deposition Hg 1999-2003"
1999-06-20,"LKC",747,63,0.32984,35.52,0.1171,"PMRC Wet Deposition Hg 1999-2003"
1999-06-25,"LKC",748,41,0.21465,49,0.1051,"PMRC Wet Deposition Hg 1999-2003"
1999-06-28,"LKC",749,47,0.24607,8.283,0.0203,"PMRC Wet Deposition Hg 1999-2003"
1999-06-29,"LKC",750,217,1.13612,12.1,0.1374,"PMRC Wet Deposition Hg 1999-2003"
1999-07-02,"LKC",751,198,1.03664,4.67,0.0484,"PMRC Wet Deposition Hg 1999-2003"
1999-07-04,"LKC",752,179,0.93717,13.84,0.1297,"PMRC Wet Deposition Hg 1999-2003"
1999-07-05,"LKC",753,842,4.40837,8.67,0.3822,"PMRC Wet Deposition Hg 1999-2003"
1999-07-06,"LKC",754,471,2.46596,8.06,0.1987,"PMRC Wet Deposition Hg 1999-2003"
1999-07-07,"LKC",755,158,0.82722,9.588,0.0793,"PMRC Wet Deposition Hg 1999-2003"
1999-07-09,"LKC",757,441,2.3089,17.84,0.4119,"PMRC Wet Deposition Hg 1999-2003"
1999-07-10,"LKC",758,53,0.27748,9.31,0.0258,"PMRC Wet Deposition Hg 1999-2003"
1999-07-19,"LKC",760,26,0.13612,28.04,0.0381,"PMRC Wet Deposition Hg 1999-2003"
1999-07-24,"LKC",763,117,0.61256,23.34,0.1429,"PMRC Wet Deposition Hg 1999-2003"
1999-07-25,"LKC",761,51,0.26701,19.49,0.052,"PMRC Wet Deposition Hg 1999-2003"
1999-07-26,"LKC",764,168,0.87958,8.32,0.0731,"PMRC Wet Deposition Hg 1999-2003"
1999-08-01,"LKC",765,65,0.34031,13.26,0.0451,"PMRC Wet Deposition Hg 1999-2003"
1999-08-04,"LKC",766,301,1.57591,17.59,0.2772,"PMRC Wet Deposition Hg 1999-2003"
1999-08-05,"LKC",767,30,0.15706,22.49,0.0353,"PMRC Wet Deposition Hg 1999-2003"
1999-08-06,"LKC",768,124,0.64921,14.95,0.097,"PMRC Wet Deposition Hg 1999-2003"
1999-08-08,"LKC",769,266,1.39267,7.68,0.1069,"PMRC Wet Deposition Hg 1999-2003"
1999-08-13,"LKC",770,211,1.10471,12.46,0.1377,"PMRC Wet Deposition Hg 1999-2003"
1999-08-14,"LKC",771,45,0.2356,34.07,0.0802,"PMRC Wet Deposition Hg 1999-2003"
1999-08-17,"LKC",772,152,0.79581,14.52,0.1155,"PMRC Wet Deposition Hg 1999-2003"
1999-08-18,"LKC",773,20,0.10471,10.72,0.0112,"PMRC Wet Deposition Hg 1999-2003"
1999-08-21,"LKC",774,205,1.07329,7.88,0.0845,"PMRC Wet Deposition Hg 1999-2003"
1999-09-07,"LKC",777,136,0.71204,7.811,0.0556,"PMRC Wet Deposition Hg 1999-2003"
1999-09-08,"LKC",778,758,3.96858,4.752,0.1885,"PMRC Wet Deposition Hg 1999-2003"
1999-09-10,"LKC",779,175,0.91623,13.95,0.1278,"PMRC Wet Deposition Hg 1999-2003"
1999-09-10,"LKC",780,46,0.24083,21.43,0.0516,"PMRC Wet Deposition Hg 1999-2003"
1999-09-14,"LKC",781,65,0.34031,25.01,0.0851,"PMRC Wet Deposition Hg 1999-2003"
1999-09-16,"LKC",783,930,4.8691,2.88,0.1402,"PMRC Wet Deposition Hg 1999-2003"
1999-09-16,"LKC",782,58,0.30366,21.47,0.0652,"PMRC Wet Deposition Hg 1999-2003"
1999-09-17,"LKC",784,494,2.58638,5.254,0.1359,"PMRC Wet Deposition Hg 1999-2003"
1999-09-20,"LKC",785,692,3.62303,3.066,0.111,"PMRC Wet Deposition Hg 1999-2003"
1999-09-22,"LKC",787,569,2.97905,2.805,0.0835,"PMRC Wet Deposition Hg 1999-2003"
1999-09-30,"LKC",789,428,2.24083,2.187,0.049,"PMRC Wet Deposition Hg 1999-2003"
1999-10-02,"LKC",790,42,0.21989,42.42,0.0932,"PMRC Wet Deposition Hg 1999-2003"
1999-10-04,"LKC",791,220,1.15183,4.058,0.0467,"PMRC Wet Deposition Hg 1999-2003"
1999-10-06,"LKC",792,34,0.17801,9.974,0.0177,"PMRC Wet Deposition Hg 1999-2003"
1999-10-06,"LKC",793,30,0.15706,5.383,0.0084,"PMRC Wet Deposition Hg 1999-2003"
1999-10-09,"LKC",794,116,0.60732,17.25,0.1048,"PMRC Wet Deposition Hg 1999-2003"
1999-10-10,"LKC",795,151,0.79057,6.047,0.0478,"PMRC Wet Deposition Hg 1999-2003"
1999-10-14,"LKC",797,446,2.33507,1.073,0.025,"PMRC Wet Deposition Hg 1999-2003"
1999-10-17,"LKC",798,136,0.71204,14.96,0.1065,"PMRC Wet Deposition Hg 1999-2003"
1999-10-20,"LKC",799,36,0.18848,19.91,0.0375,"PMRC Wet Deposition Hg 1999-2003"
1999-10-22,"LKC",800,1010,5.28795,2.151,0.1137,"PMRC Wet Deposition Hg 1999-2003"
1999-10-24,"LKC",801,20,0.10471,3.88,0.004,"PMRC Wet Deposition Hg 1999-2003"
1999-11-02,"LKC",802,224,1.17277,18.94,0.2221,"PMRC Wet Deposition Hg 1999-2003"
1999-11-10,"LKC",805,46,0.24083,15.72,0.0378,"PMRC Wet Deposition Hg 1999-2003"
1999-11-12,"LKC",806,100,0.52356,16.89,0.0884,"PMRC Wet Deposition Hg 1999-2003"
1999-11-14,"LKC",807,250,1.3089,11.89,0.1556,"PMRC Wet Deposition Hg 1999-2003"
1999-11-16,"LKC",808,42,0.21989,5.609,0.0123,"PMRC Wet Deposition Hg 1999-2003"
1999-11-18,"LKC",809,40,0.20942,4.815,0.01,"PMRC Wet Deposition Hg 1999-2003"
1999-11-20,"LKC",810,213,1.11518,8.193,0.0913,"PMRC Wet Deposition Hg 1999-2003"
1999-11-26,"LKC",812,789,4.13089,3.814,0.1575,"PMRC Wet Deposition Hg 1999-2003"
1999-12-03,"LKC",814,201,1.05235,22.11,0.2326,"PMRC Wet Deposition Hg 1999-2003"
1999-12-07,"LKC",815,29,0.15183,5.643,0.0085,"PMRC Wet Deposition Hg 1999-2003"
1999-12-10,"LKC",816,211,1.10471,5.123,0.0566,"PMRC Wet Deposition Hg 1999-2003"
1999-12-15,"LKC",817,52,0.27225,4.375,0.0119,"PMRC Wet Deposition Hg 1999-2003"
1999-12-16,"LKC",818,124,0.64921,3.228,0.0209,"PMRC Wet Deposition Hg 1999-2003"
1999-12-17,"LKC",819,21,0.10994,3.807,0.0041,"PMRC Wet Deposition Hg 1999-2003"
1999-12-20,"LKC",820,190,0.99476,4.885,0.0485,"PMRC Wet Deposition Hg 1999-2003"
1999-12-29,"LKC",821,71,0.37172,11.44,0.0425,"PMRC Wet Deposition Hg 1999-2003"
2000-01-02,"LKC",822,142,0.74345,6.765,0.0502,"PMRC Wet Deposition Hg 1999-2003"
2000-01-03,"LKC",823,193,1.01047,3.001,0.0303,"PMRC Wet Deposition Hg 1999-2003"
2000-01-04,"LKC",824,156,0.81675,4.377,0.0357,"PMRC Wet Deposition Hg 1999-2003"
2000-01-07,"LKC",825,52,0.27225,11.6,0.0315,"PMRC Wet Deposition Hg 1999-2003"
2000-01-10,"LKC",826,375,1.96335,3.865,0.0758,"PMRC Wet Deposition Hg 1999-2003"
2000-01-16,"LKC",828,42,0.21989,17,0.0373,"PMRC Wet Deposition Hg 1999-2003"
2000-01-25,"LKC",830,276,1.44502,3.378,0.0488,"PMRC Wet Deposition Hg 1999-2003"
2000-01-31,"LKC",831,79,0.41361,6.541,0.027,"PMRC Wet Deposition Hg 1999-2003"
2000-02-01,"LKC",832,31,0.1623,7.814,0.0126,"PMRC Wet Deposition Hg 1999-2003"
2000-02-07,"LKC",834,66,0.34554,7.87,0.0271,"PMRC Wet Deposition Hg 1999-2003"
2000-02-11,"LKC",835,140,0.73298,16.89,0.1238,"PMRC Wet Deposition Hg 1999-2003"
2000-02-14,"LKC",836,369,1.93193,2.793,0.0539,"PMRC Wet Deposition Hg 1999-2003"
2000-02-16,"LKC",837,53,0.27748,9.779,0.0271,"PMRC Wet Deposition Hg 1999-2003"
2000-02-20,"LKC",839,79,0.41361,2.944,0.0121,"PMRC Wet Deposition Hg 1999-2003"
2000-02-24,"LKC",840,202,1.05759,9.869,0.1043,"PMRC Wet Deposition Hg 1999-2003"
2000-02-25,"LKC",841,138,0.72251,3.24,0.0234,"PMRC Wet Deposition Hg 1999-2003"
2000-02-27,"LKC",842,605,3.16753,6.673,0.2113,"PMRC Wet Deposition Hg 1999-2003"
2000-03-02,"LKC",844,170,0.89005,9.242,0.0822,"PMRC Wet Deposition Hg 1999-2003"
2000-03-05,"LKC",846,80,0.41884,6.025,0.0252,"PMRC Wet Deposition Hg 1999-2003"
2000-03-09,"LKC",847,115,0.60209,14.46,0.087,"PMRC Wet Deposition Hg 1999-2003"
2000-03-11,"LKC",848,188,0.98429,2.566,0.0252,"PMRC Wet Deposition Hg 1999-2003"
2000-03-15,"LKC",849,291,1.52356,6.27,0.0955,"PMRC Wet Deposition Hg 1999-2003"
2000-03-25,"LKC",850,422,2.20942,5.78,0.1277,"PMRC Wet Deposition Hg 1999-2003"
2000-03-29,"LKC",851,403,2.10994,3.274,0.069,"PMRC Wet Deposition Hg 1999-2003"
2000-04-02,"LKC",852,150,0.78534,16.64,0.1307,"PMRC Wet Deposition Hg 1999-2003"
2000-04-03,"LKC",853,445,2.32984,4.597,0.1071,"PMRC Wet Deposition Hg 1999-2003"
2000-04-04,"LKC",854,130,0.68062,7.269,0.0494,"PMRC Wet Deposition Hg 1999-2003"
2000-04-08,"LKC",855,590,3.089,4.962,0.1532,"PMRC Wet Deposition Hg 1999-2003"
2000-04-11,"LKC",856,157,0.82198,5.09,0.0418,"PMRC Wet Deposition Hg 1999-2003"
2000-04-21,"LKC",859,549,2.87434,5.296,0.1522,"PMRC Wet Deposition Hg 1999-2003"
2000-04-21,"LKC",858,195,1.02094,6.824,0.0696,"PMRC Wet Deposition Hg 1999-2003"
2000-04-23,"LKC",860,685,3.58638,2.212,0.0793,"PMRC Wet Deposition Hg 1999-2003"
2000-04-27,"LKC",861,97,0.50785,10.6,0.0538,"PMRC Wet Deposition Hg 1999-2003"
2000-05-01,"LKC",862,170,0.89005,21.52,0.1915,"PMRC Wet Deposition Hg 1999-2003"
2000-05-04,"LKC",863,325,1.70157,13.93,0.2371,"PMRC Wet Deposition Hg 1999-2003"
2000-05-06,"LKC",864,43,0.22513,21.3,0.0479,"PMRC Wet Deposition Hg 1999-2003"
2000-05-08,"LKC",865,928,4.85863,8.489,0.4124,"PMRC Wet Deposition Hg 1999-2003"
2000-05-09,"LKC",866,382,2,8.955,0.1791,"PMRC Wet Deposition Hg 1999-2003"
2000-05-13,"LKC",867,340,1.7801,5.548,0.0987,"PMRC Wet Deposition Hg 1999-2003"
2000-05-18,"LKC",869,318,1.66492,26.78,0.4459,"PMRC Wet Deposition Hg 1999-2003"
2000-05-24,"LKC",872,373,1.95287,6.753,0.1318,"PMRC Wet Deposition Hg 1999-2003"
2000-05-25,"LKC",873,207,1.08376,13.19,0.1429,"PMRC Wet Deposition Hg 1999-2003"
2000-05-26,"LKC",874,37,0.19371,6.562,0.0127,"PMRC Wet Deposition Hg 1999-2003"
2000-06-04,"LKC",875,26,0.13612,16.75,0.0228,"PMRC Wet Deposition Hg 1999-2003"
2000-06-06,"LKC",876,439,2.29842,10.31,0.2371,"PMRC Wet Deposition Hg 1999-2003"
2000-06-08,"LKC",877,126,0.65968,17.81,0.1174,"PMRC Wet Deposition Hg 1999-2003"
2000-06-10,"LKC",878,149,0.7801,21.64,0.1688,"PMRC Wet Deposition Hg 1999-2003"
2000-06-15,"LKC",879,88,0.46073,13.29,0.0612,"PMRC Wet Deposition Hg 1999-2003"
2000-06-18,"LKC",880,27,0.14136,28.42,0.0401,"PMRC Wet Deposition Hg 1999-2003"
2000-06-21,"LKC",881,103,0.53926,26.41,0.1424,"PMRC Wet Deposition Hg 1999-2003"
2000-06-22,"LKC",882,210,1.09947,12.91,0.1419,"PMRC Wet Deposition Hg 1999-2003"
2000-07-09,"LKC",884,180,0.9424,18.61,0.1753,"PMRC Wet Deposition Hg 1999-2003"
2000-07-10,"LKC",885,78,0.40837,10.95,0.0447,"PMRC Wet Deposition Hg 1999-2003"
2000-07-14,"LKC",886,237,1.24083,14.71,0.1825,"PMRC Wet Deposition Hg 1999-2003"
2000-07-22,"LKC",887,313,1.63874,8.106,0.1328,"PMRC Wet Deposition Hg 1999-2003"
2000-07-27,"LKC",888,62,0.3246,6.784,0.022,"PMRC Wet Deposition Hg 1999-2003"
2000-07-28,"LKC",889,54,0.28272,40.85,0.1154,"PMRC Wet Deposition Hg 1999-2003"
2000-07-29,"LKC",890,69,0.36125,26.01,0.0939,"PMRC Wet Deposition Hg 1999-2003"
2000-08-09,"LKC",891,92,0.48167,16.1,0.0775,"PMRC Wet Deposition Hg 1999-2003"
2000-08-11,"LKC",892,492,2.57591,11.4,0.2937,"PMRC Wet Deposition Hg 1999-2003"
2000-08-16,"LKC",893,203,1.06282,8.821,0.0937,"PMRC Wet Deposition Hg 1999-2003"
2000-08-18,"LKC",894,185,0.96858,2.858,0.0276,"PMRC Wet Deposition Hg 1999-2003"
2000-08-27,"LKC",895,25,0.13089,43.74,0.0572,"PMRC Wet Deposition Hg 1999-2003"
2000-09-02,"LKC",896,208,1.089,14.28,0.1555,"PMRC Wet Deposition Hg 1999-2003"
2000-09-03,"LKC",897,145,0.75916,14.61,0.1109,"PMRC Wet Deposition Hg 1999-2003"
2000-09-11,"LKC",898,31,0.1623,29.49,0.0478,"PMRC Wet Deposition Hg 1999-2003"
2000-09-12,"LKC",899,308,1.61256,12.44,0.2007,"PMRC Wet Deposition Hg 1999-2003"
2000-09-15,"LKC",900,295,1.5445,4.591,0.0709,"PMRC Wet Deposition Hg 1999-2003"
2000-09-16,"LKC",901,62,0.3246,3.51,0.0113,"PMRC Wet Deposition Hg 1999-2003"
2000-09-21,"LKC",902,136,0.71204,14.53,0.1034,"PMRC Wet Deposition Hg 1999-2003"
2000-09-23,"LKC",904,392,2.05235,8.954,0.1837,"PMRC Wet Deposition Hg 1999-2003"
2000-10-04,"LKC",905,33,0.17277,16.87,0.0291,"PMRC Wet Deposition Hg 1999-2003"
2000-10-05,"LKC",906,337,1.76439,2.129,0.0375,"PMRC Wet Deposition Hg 1999-2003"
2000-10-09,"LKC",907,214,1.12041,15.73,0.1762,"PMRC Wet Deposition Hg 1999-2003"
2000-10-16,"LKC",908,199,1.04188,12.85,0.1339,"PMRC Wet Deposition Hg 1999-2003"
2000-10-18,"LKC",909,300,1.57068,7.92,0.1243,"PMRC Wet Deposition Hg 1999-2003"
2000-10-27,"LKC",911,47,0.24607,51.1,0.1257,"PMRC Wet Deposition Hg 1999-2003"
2000-10-29,"LKC",912,142,0.74345,3.27,0.0243,"PMRC Wet Deposition Hg 1999-2003"
2000-11-03,"LKC",913,562,2.9424,7.23,0.2127,"PMRC Wet Deposition Hg 1999-2003"
2000-11-06,"LKC",914,38,0.19895,4.701,0.0093,"PMRC Wet Deposition Hg 1999-2003"
2000-11-09,"LKC",915,126.5,0.6623,7.539,0.0499,"PMRC Wet Deposition Hg 1999-2003"
2000-11-10,"LKC",916,231,1.20942,3.759,0.0454,"PMRC Wet Deposition Hg 1999-2003"
2000-11-14,"LKC",917,335,1.75392,1.578,0.0276,"PMRC Wet Deposition Hg 1999-2003"
2000-11-17,"LKC",918,64,0.33507,3.7,0.0123,"PMRC Wet Deposition Hg 1999-2003"
2000-11-21,"LKC",920,68,0.35602,4.7,0.0167,"PMRC Wet Deposition Hg 1999-2003"
2000-11-22,"LKC",921,31,0.1623,4.277,0.0069,"PMRC Wet Deposition Hg 1999-2003"
2000-11-28,"LKC",922,135,0.7068,5,0.0353,"PMRC Wet Deposition Hg 1999-2003"
2000-12-10,"LKC",925,41,0.21465,9,0.0193,"PMRC Wet Deposition Hg 1999-2003"
2000-12-12,"LKC",926,276,1.44502,19,0.2745,"PMRC Wet Deposition Hg 1999-2003"
2000-12-14,"LKC",927,43,0.22513,11.49,0.0258,"PMRC Wet Deposition Hg 1999-2003"
2000-12-17,"LKC",928,817,4.27748,3.949,0.1689,"PMRC Wet Deposition Hg 1999-2003"
2000-12-19,"LKC",929,212,1.10994,3.162,0.0351,"PMRC Wet Deposition Hg 1999-2003"
2000-12-22,"LKC",930,44,0.23036,13,0.0299,"PMRC Wet Deposition Hg 1999-2003"
2000-12-24,"LKC",931,34,0.17801,12.8,0.0227,"PMRC Wet Deposition Hg 1999-2003"
2000-12-30,"LKC",933,309,1.6178,2.065,0.0334,"PMRC Wet Deposition Hg 1999-2003"
2001-01-04,"LKC",934,38,0.19895,13.1,0.026,"PMRC Wet Deposition Hg 1999-2003"
2001-01-07,"LKC",935,31,0.1623,12.6,0.0204,"PMRC Wet Deposition Hg 1999-2003"
2001-01-19,"LKC",936,120,0.62827,4.9,0.0307,"PMRC Wet Deposition Hg 1999-2003"
2001-01-21,"LKC",937,45,0.2356,8.1,0.019,"PMRC Wet Deposition Hg 1999-2003"
2001-01-27,"LKC",938,51,0.26701,14.2,0.0379,"PMRC Wet Deposition Hg 1999-2003"
2001-01-30,"LKC",939,524,2.74345,3.3,0.0905,"PMRC Wet Deposition Hg 1999-2003"
2001-02-02,"LKC",940,74,0.38743,3.2,0.0123,"PMRC Wet Deposition Hg 1999-2003"
2001-02-04,"LKC",941,325,1.70157,4.665,0.0793,"PMRC Wet Deposition Hg 1999-2003"
2001-02-14,"LKC",942,225,1.17801,6.4,0.0753,"PMRC Wet Deposition Hg 1999-2003"
2001-02-17,"LKC",943,25,0.13089,14.3,0.0187,"PMRC Wet Deposition Hg 1999-2003"
2001-02-23,"LKC",944,188,0.98429,8.6,0.0846,"PMRC Wet Deposition Hg 1999-2003"
2001-03-05,"LKC",945,241,1.26178,2.06,0.0259,"PMRC Wet Deposition Hg 1999-2003"
2001-03-13,"LKC",946,180,0.9424,4.322,0.0407,"PMRC Wet Deposition Hg 1999-2003"
2001-03-27,"LKC",948,199,1.04188,6.151,0.064,"PMRC Wet Deposition Hg 1999-2003"
2001-03-30,"LKC",949,398,2.08376,3.99,0.0831,"PMRC Wet Deposition Hg 1999-2003"
2001-04-06,"LKC",950,223,1.16753,14.9,0.1739,"PMRC Wet Deposition Hg 1999-2003"
2001-04-12,"LKC",951,138,0.72251,16.2,0.117,"PMRC Wet Deposition Hg 1999-2003"
2001-04-21,"LKC",952,111,0.58115,9.535,0.0554,"PMRC Wet Deposition Hg 1999-2003"
2001-04-24,"LKC",953,80,0.41884,10.6,0.0443,"PMRC Wet Deposition Hg 1999-2003"
2001-05-12,"LKC",954,473,2.47643,5.961,0.1476,"PMRC Wet Deposition Hg 1999-2003"
2001-05-18,"LKC",955,61,0.31937,9.5,0.0303,"PMRC Wet Deposition Hg 1999-2003"
2001-05-23,"LKC",956,41,0.21465,26.8,0.0575,"PMRC Wet Deposition Hg 1999-2003"
2001-05-26,"LKC",957,479,2.50785,10.7,0.2683,"PMRC Wet Deposition Hg 1999-2003"
2001-06-04,"LKC",958,154,0.80628,33.61,0.271,"PMRC Wet Deposition Hg 1999-2003"
2001-06-11,"LKC",959,53,0.27748,13,0.0359,"PMRC Wet Deposition Hg 1999-2003"
2001-06-16,"LKC",960,572,2.99476,12.96,0.3881,"PMRC Wet Deposition Hg 1999-2003"
2001-06-19,"LKC",961,392,2.05235,12.96,0.2659,"PMRC Wet Deposition Hg 1999-2003"
2001-06-30,"LKC",962,567,2.96858,10.87,0.3226,"PMRC Wet Deposition Hg 1999-2003"
2001-07-01,"LKC",963,152,0.79581,18,0.1432,"PMRC Wet Deposition Hg 1999-2003"
2001-07-10,"LKC",965,493,2.58115,14.8,0.382,"PMRC Wet Deposition Hg 1999-2003"
2001-07-12,"LKC",966,175,0.91623,11,0.1007,"PMRC Wet Deposition Hg 1999-2003"
2001-07-13,"LKC",967,269,1.40837,5.6,0.0788,"PMRC Wet Deposition Hg 1999-2003"
2001-07-24,"LKC",969,159,0.83246,16.54,0.1377,"PMRC Wet Deposition Hg 1999-2003"
2001-08-02,"LKC",970,151,0.79057,26.49,0.2094,"PMRC Wet Deposition Hg 1999-2003"
2001-08-07,"LKC",971,81,0.42408,12.09,0.0512,"PMRC Wet Deposition Hg 1999-2003"
2001-08-08,"LKC",972,188,0.98429,23.23,0.2286,"PMRC Wet Deposition Hg 1999-2003"
2001-08-16,"LKC",974,460,2.40837,12.31,0.2965,"PMRC Wet Deposition Hg 1999-2003"
2001-08-19,"LKC",975,98,0.51308,38,0.1949,"PMRC Wet Deposition Hg 1999-2003"
2001-08-20,"LKC",976,431,2.25654,14.2,0.3204,"PMRC Wet Deposition Hg 1999-2003"
2001-08-28,"LKC",977,496,2.59685,5.5,0.1428,"PMRC Wet Deposition Hg 1999-2003"
2001-09-01,"LKC",978,962,5.03664,12.2,0.6144,"PMRC Wet Deposition Hg 1999-2003"
2001-09-11,"LKC",979,44,0.23036,27.3,0.0628,"PMRC Wet Deposition Hg 1999-2003"
2001-09-20,"LKC",980,537,2.81151,4.5,0.1265,"PMRC Wet Deposition Hg 1999-2003"
2001-09-22,"LKC",981,51,0.26701,8.8,0.0234,"PMRC Wet Deposition Hg 1999-2003"
2001-09-24,"LKC",982,779,4.07853,7.1,0.2895,"PMRC Wet Deposition Hg 1999-2003"
2001-10-06,"LKC",983,389,2.03664,5.6,0.114,"PMRC Wet Deposition Hg 1999-2003"
2001-10-15,"LKC",984,210,1.09947,10.1,0.111,"PMRC Wet Deposition Hg 1999-2003"
2001-10-17,"LKC",985,64,0.33507,12.8,0.0428,"PMRC Wet Deposition Hg 1999-2003"
2001-10-17,"LKC",986,22,0.11518,17.8,0.0205,"PMRC Wet Deposition Hg 1999-2003"
2001-10-21,"LKC",988,473,2.47643,9.55,0.2365,"PMRC Wet Deposition Hg 1999-2003"
2001-10-23,"LKC",989,271,1.41884,10.5,0.1489,"PMRC Wet Deposition Hg 1999-2003"
2001-10-26,"LKC",990,171,0.89528,4.9,0.0438,"PMRC Wet Deposition Hg 1999-2003"
2001-10-31,"LKC",991,189,0.98952,17.5,0.1731,"PMRC Wet Deposition Hg 1999-2003"
2001-11-02,"LKC",992,238,1.24607,13.5,0.1682,"PMRC Wet Deposition Hg 1999-2003"
2001-11-04,"LKC",993,545,2.8534,3.4,0.097,"PMRC Wet Deposition Hg 1999-2003"
2001-11-08,"LKC",994,29,0.15183,16.8,0.0255,"PMRC Wet Deposition Hg 1999-2003"
2001-11-10,"LKC",995,105,0.54973,13.05,0.0717,"PMRC Wet Deposition Hg 1999-2003"
2001-11-11,"LKC",996,130,0.68062,5.9,0.0401,"PMRC Wet Deposition Hg 1999-2003"
2001-11-15,"LKC",998,106,0.55497,16.1,0.0893,"PMRC Wet Deposition Hg 1999-2003"
2001-11-20,"LKC",999,184,0.96335,9.6,0.0924,"PMRC Wet Deposition Hg 1999-2003"
2001-11-25,"LCH",1,97,0.50785,15.46,0.0785,"PMRC Wet Deposition Hg 1999-2003"
2001-11-27,"LCH",2,122,0.63874,10,0.0639,"PMRC Wet Deposition Hg 1999-2003"
2001-11-29,"LCH",3,380,1.98952,6.989,0.139,"PMRC Wet Deposition Hg 1999-2003"
2001-12-03,"LCH",4,180,0.9424,20.28,0.1912,"PMRC Wet Deposition Hg 1999-2003"
2001-12-05,"LCH",5,30,0.15706,17.46,0.0274,"PMRC Wet Deposition Hg 1999-2003"
2001-12-09,"LCH",6,32,0.16753,16.64,0.0278,"PMRC Wet Deposition Hg 1999-2003"
2001-12-13,"LCH",7,128,0.67015,18.03,0.1208,"PMRC Wet Deposition Hg 1999-2003"
2001-12-14,"LCH",8,285,1.49214,2.316,0.0345,"PMRC Wet Deposition Hg 1999-2003"
2001-12-17,"LCH",9,189,0.98952,3.544,0.035,"PMRC Wet Deposition Hg 1999-2003"
2001-12-20,"LCH",10,83,0.43455,14.64,0.0636,"PMRC Wet Deposition Hg 1999-2003"
2001-12-22,"LCH",11,50,0.26178,10.93,0.0286,"PMRC Wet Deposition Hg 1999-2003"
2002-01-01,"LCH",14,63,0.32984,16.09,0.0531,"PMRC Wet Deposition Hg 1999-2003"
2002-01-06,"LCH",15,97,0.50785,7.418,0.0376,"PMRC Wet Deposition Hg 1999-2003"
2002-01-10,"LCH",16,67,0.35078,28.45,0.0997,"PMRC Wet Deposition Hg 1999-2003"
2002-01-15,"LCH",17,131,0.68586,5.06,0.0347,"PMRC Wet Deposition Hg 1999-2003"
2002-01-17,"LCH",18,97,0.50785,4.667,0.0237,"PMRC Wet Deposition Hg 1999-2003"
2002-01-23,"LCH",20,367,1.92146,4.671,0.0897,"PMRC Wet Deposition Hg 1999-2003"
2002-01-25,"LCH",21,43,0.22513,28.8,0.0648,"PMRC Wet Deposition Hg 1999-2003"
2002-01-30,"LCH",22,99,0.51832,3.413,0.0176,"PMRC Wet Deposition Hg 1999-2003"
2002-01-31,"LCH",23,694,3.6335,3.708,0.1347,"PMRC Wet Deposition Hg 1999-2003"
2002-02-12,"LCH",25,34,0.17801,13.88,0.0247,"PMRC Wet Deposition Hg 1999-2003"
2002-02-16,"LCH",26,130,0.68062,5.832,0.0396,"PMRC Wet Deposition Hg 1999-2003"
2002-02-20,"LCH",27,112,0.58638,11.59,0.068,"PMRC Wet Deposition Hg 1999-2003"
2002-04-01,"LCH",28,92,0.48167,4.565,0.0219,"PMRC Wet Deposition Hg 1999-2003"
2002-04-03,"LCH",29,113,0.59162,13.58,0.0803,"PMRC Wet Deposition Hg 1999-2003"
2002-04-08,"LCH",31,118,0.6178,27.24,0.1683,"PMRC Wet Deposition Hg 1999-2003"
2002-04-18,"LCH",32,53,0.27748,12.39,0.0343,"PMRC Wet Deposition Hg 1999-2003"
2002-04-22,"LCH",33,106,0.55497,9.913,0.055,"PMRC Wet Deposition Hg 1999-2003"
2002-04-25,"LCH",34,231,1.20942,5.31,0.0642,"PMRC Wet Deposition Hg 1999-2003"
2002-04-28,"LCH",35,405,2.12041,4.97,0.1053,"PMRC Wet Deposition Hg 1999-2003"
2002-05-08,"LCH",36,78,0.40837,13.51,0.0552,"PMRC Wet Deposition Hg 1999-2003"
2002-05-09,"LCH",37,915,4.79057,4.88,0.2337,"PMRC Wet Deposition Hg 1999-2003"
2002-05-16,"LCH",38,681,3.56544,6.104,0.2176,"PMRC Wet Deposition Hg 1999-2003"
2002-05-18,"LCH",39,92,0.48167,6.001,0.0289,"PMRC Wet Deposition Hg 1999-2003"
2002-05-20,"LCH",40,151,0.79057,15.64,0.1236,"PMRC Wet Deposition Hg 1999-2003"
2002-05-24,"LCH",41,137,0.71727,37.69,0.2703,"PMRC Wet Deposition Hg 1999-2003"
2002-05-30,"LCH",42,89,0.46596,11.03,0.0514,"PMRC Wet Deposition Hg 1999-2003"
2002-05-31,"LCH",43,420,2.19895,4.997,0.1098,"PMRC Wet Deposition Hg 1999-2003"
2002-06-02,"LCH",44,21,0.10994,40.92,0.0449,"PMRC Wet Deposition Hg 1999-2003"
2002-06-04,"LCH",45,94,0.49214,18.81,0.0925,"PMRC Wet Deposition Hg 1999-2003"
2002-06-05,"LCH",46,530,2.77486,5.01,0.139,"PMRC Wet Deposition Hg 1999-2003"
2002-06-11,"LCH",47,927,4.8534,8.44,0.4096,"PMRC Wet Deposition Hg 1999-2003"
2002-06-12,"LCH",48,121,0.6335,9.03,0.0572,"PMRC Wet Deposition Hg 1999-2003"
2002-06-15,"LCH",49,388,2.03141,5.962,0.1211,"PMRC Wet Deposition Hg 1999-2003"
2002-06-16,"LCH",50,313,1.63874,9.851,0.1614,"PMRC Wet Deposition Hg 1999-2003"
2002-06-21,"LCH",51,736,3.8534,15.49,0.597,"PMRC Wet Deposition Hg 1999-2003"
2002-06-25,"LCH",52,72,0.37696,28.77,0.1084,"PMRC Wet Deposition Hg 1999-2003"
2002-06-26,"LCH",53,261,1.36649,21.8,0.2979,"PMRC Wet Deposition Hg 1999-2003"
2002-06-27,"LCH",54,616,3.22513,7.722,0.249,"PMRC Wet Deposition Hg 1999-2003"
2002-07-03,"LCH",55,41,0.21465,40.46,0.0868,"PMRC Wet Deposition Hg 1999-2003"
2002-07-04,"LCH",56,89,0.46596,20.04,0.0934,"PMRC Wet Deposition Hg 1999-2003"
2002-07-05,"LCH",57,491,2.57068,15.18,0.3904,"PMRC Wet Deposition Hg 1999-2003"
2002-07-08,"LCH",58,894,4.68062,12.4,0.5804,"PMRC Wet Deposition Hg 1999-2003"
2002-07-16,"LCH",59,208,1.089,20.88,0.2274,"PMRC Wet Deposition Hg 1999-2003"
2002-07-22,"LCH",60,147,0.76963,16.07,0.1237,"PMRC Wet Deposition Hg 1999-2003"
2002-07-26,"LCH",61,130,0.68062,18.45,0.1255,"PMRC Wet Deposition Hg 1999-2003"
2002-07-28,"LCH",62,308,1.61256,7.103,0.1145,"PMRC Wet Deposition Hg 1999-2003"
2002-08-05,"LCH",64,314,1.64397,10.09,0.1659,"PMRC Wet Deposition Hg 1999-2003"
2002-08-09,"LCH",65,95,0.49738,36.14,0.1797,"PMRC Wet Deposition Hg 1999-2003"
2002-08-15,"LCH",66,46,0.24083,18.4,0.0443,"PMRC Wet Deposition Hg 1999-2003"
2002-08-19,"LCH",67,51,0.26701,13.83,0.0369,"PMRC Wet Deposition Hg 1999-2003"
2002-08-22,"LCH",68,275,1.43979,18.84,0.2713,"PMRC Wet Deposition Hg 1999-2003"
2002-08-29,"LCH",69,114,0.59685,8.016,0.0478,"PMRC Wet Deposition Hg 1999-2003"
2002-09-11,"LCH",70,680,3.5602,9.336,0.3324,"PMRC Wet Deposition Hg 1999-2003"
2002-09-11,"LCH",71,459,2.40314,4.09,0.0983,"PMRC Wet Deposition Hg 1999-2003"
2002-09-13,"LCH",72,80,0.41884,16.95,0.071,"PMRC Wet Deposition Hg 1999-2003"
2002-09-14,"LCH",73,762,3.98952,12.34,0.4923,"PMRC Wet Deposition Hg 1999-2003"
2002-09-15,"LCH",74,266,1.39267,8.838,0.123,"PMRC Wet Deposition Hg 1999-2003"
2002-09-21,"LCH",75,450,2.35602,2.506,0.059,"PMRC Wet Deposition Hg 1999-2003"
2002-09-22,"LCH",76,847,4.43455,10.64,0.472,"PMRC Wet Deposition Hg 1999-2003"
2002-09-27,"LCH",77,835,4.37172,2.273,0.0993,"PMRC Wet Deposition Hg 1999-2003"
2002-10-02,"LCH",80,184,0.96335,11.41,0.11,"PMRC Wet Deposition Hg 1999-2003"
2002-10-02,"LCH",79,121,0.6335,15.87,0.1005,"PMRC Wet Deposition Hg 1999-2003"
2002-10-13,"LCH",82,155,0.81151,10.96,0.089,"PMRC Wet Deposition Hg 1999-2003"
2002-10-16,"LCH",83,792,4.14659,2.019,0.0837,"PMRC Wet Deposition Hg 1999-2003"
2002-10-17,"LCH",84,192,1.00523,1.843,0.0185,"PMRC Wet Deposition Hg 1999-2003"
2002-10-19,"LCH",85,389,2.03664,7.938,0.1616,"PMRC Wet Deposition Hg 1999-2003"
2002-10-26,"LCH",87,348,1.82198,4.441,0.0809,"PMRC Wet Deposition Hg 1999-2003"
2002-11-01,"LCH",89,92,0.48167,5.82,0.028,"PMRC Wet Deposition Hg 1999-2003"
2002-11-04,"LCH",90,71,0.37172,9.29,0.0345,"PMRC Wet Deposition Hg 1999-2003"
2002-11-06,"LCH",91,204,1.06806,4.364,0.0466,"PMRC Wet Deposition Hg 1999-2003"
2002-11-11,"LCH",92,71,0.37172,12.18,0.0452,"PMRC Wet Deposition Hg 1999-2003"
2002-11-12,"LCH",93,226,1.18324,2.57,0.0304,"PMRC Wet Deposition Hg 1999-2003"
2002-11-15,"LCH",94,37,0.19371,7.625,0.0147,"PMRC Wet Deposition Hg 1999-2003"
2002-11-16,"LCH",95,531,2.7801,0.949,0.0263,"PMRC Wet Deposition Hg 1999-2003"
2002-11-22,"LCH",97,497,2.60209,1.341,0.0349,"PMRC Wet Deposition Hg 1999-2003"
2002-11-29,"LCH",99,137,0.71727,5.563,0.0399,"PMRC Wet Deposition Hg 1999-2003"
2002-11-30,"LCH",100,124,0.64921,5.678,0.0368,"PMRC Wet Deposition Hg 1999-2003"
2002-12-08,"LCH",101,80,0.41884,8.9,0.0372,"PMRC Wet Deposition Hg 1999-2003"
2002-12-12,"LCH",102,73,0.38219,2.93,0.0111,"PMRC Wet Deposition Hg 1999-2003"
2002-12-14,"LCH",103,107,0.5602,13.7,0.0767,"PMRC Wet Deposition Hg 1999-2003"
2002-12-14,"LCH",104,118,0.6178,3.952,0.0244,"PMRC Wet Deposition Hg 1999-2003"
2002-12-20,"LCH",106,278,1.45549,6.849,0.0996,"PMRC Wet Deposition Hg 1999-2003"
2002-12-25,"LCH",107,131,0.68586,4.022,0.0275,"PMRC Wet Deposition Hg 1999-2003"
2002-12-29,"LCH",108,34,0.17801,13.69,0.0243,"PMRC Wet Deposition Hg 1999-2003"
2002-12-31,"LCH",109,435,2.27748,5.198,0.1183,"PMRC Wet Deposition Hg 1999-2003"
2003-01-04,"LCH",110,152,0.79581,1.527,0.0121,"PMRC Wet Deposition Hg 1999-2003"
2003-01-07,"LCH",111,181,0.94764,2.565,0.0243,"PMRC Wet Deposition Hg 1999-2003"
2003-01-09,"LCH",112,106,0.55497,2.424,0.0134,"PMRC Wet Deposition Hg 1999-2003"
2003-01-20,"LCH",113,36,0.18848,6.72,0.0126,"PMRC Wet Deposition Hg 1999-2003"
2003-01-26,"LCH",114,77,0.40314,5.94,0.0239,"PMRC Wet Deposition Hg 1999-2003"
2003-02-02,"LCH",115,123,0.64397,10.63,0.0684,"PMRC Wet Deposition Hg 1999-2003"
2003-02-04,"LCH",116,192,1.00523,5.515,0.0554,"PMRC Wet Deposition Hg 1999-2003"
2003-02-09,"LCH",117,33,0.17277,14.4,0.0248,"PMRC Wet Deposition Hg 1999-2003"
2003-02-12,"LCH",119,40,0.20942,6.735,0.0141,"PMRC Wet Deposition Hg 1999-2003"
2003-02-18,"LCH",120,35,0.18324,4.05,0.0074,"PMRC Wet Deposition Hg 1999-2003"
2003-02-23,"LCH",121,198,1.03664,8.72,0.0903,"PMRC Wet Deposition Hg 1999-2003"
2003-03-01,"LCH",122,127,0.66492,7.62,0.0506,"PMRC Wet Deposition Hg 1999-2003"
2003-03-05,"LCH",123,151,0.79057,11.5,0.0909,"PMRC Wet Deposition Hg 1999-2003"
2003-03-12,"LCH",124,64,0.33507,13.91,0.0466,"PMRC Wet Deposition Hg 1999-2003"
2003-03-20,"LCH",125,488,2.55497,3.74,0.0955,"PMRC Wet Deposition Hg 1999-2003"
2003-03-23,"LCH",126,158,0.82722,7.23,0.0598,"PMRC Wet Deposition Hg 1999-2003"
2003-03-25,"LCH",127,189,0.98952,13.53,0.1338,"PMRC Wet Deposition Hg 1999-2003"
2003-03-29,"LCH",128,508,2.65968,4.955,0.1317,"PMRC Wet Deposition Hg 1999-2003"
2003-04-01,"LCH",129,41,0.21465,13.44,0.0288,"PMRC Wet Deposition Hg 1999-2003"
2003-04-05,"LCH",130,81,0.42408,45.71,0.1938,"PMRC Wet Deposition Hg 1999-2003"
2003-04-15,"LCH",132,28,0.14659,7,0,"PMRC Wet Deposition Hg 1999-2003"
2003-04-22,"LCH",134,363,1.90052,8.19,0.1556,"PMRC Wet Deposition Hg 1999-2003"
2003-04-23,"LCH",135,180,0.9424,4.388,0.0413,"PMRC Wet Deposition Hg 1999-2003"
2003-04-27,"LCH",136,573,3,2.261,0.0678,"PMRC Wet Deposition Hg 1999-2003"
2003-05-01,"LCH",137,79,0.41361,40.97,0.1694,"PMRC Wet Deposition Hg 1999-2003"
2003-05-01,"LCH",138,451,2.36125,6.861,0.162,"PMRC Wet Deposition Hg 1999-2003"
2003-05-08,"LCH",139,49,0.25654,20.86,0.0535,"PMRC Wet Deposition Hg 1999-2003"
2003-05-12,"LCH",140,583,3.05235,5.998,0.1831,"PMRC Wet Deposition Hg 1999-2003"
2003-05-21,"LCH",141,144,0.75392,16.42,0.1238,"PMRC Wet Deposition Hg 1999-2003"
2003-05-22,"LCH",142,331,1.73298,7.672,0.1329,"PMRC Wet Deposition Hg 1999-2003"
2003-05-31,"LCH",143,392,2.05235,6.19,0.127,"PMRC Wet Deposition Hg 1999-2003"
2003-06-05,"LCH",144,111,0.58115,12.88,0.0748,"PMRC Wet Deposition Hg 1999-2003"
2003-06-09,"LCH",145,160,0.83769,11.64,0.0975,"PMRC Wet Deposition Hg 1999-2003"
2003-06-11,"LCH",146,200,1.04712,13.11,0.1372,"PMRC Wet Deposition Hg 1999-2003"
2003-06-13,"LCH",147,854,4.4712,5.05,0.2258,"PMRC Wet Deposition Hg 1999-2003"
2003-06-14,"LCH",148,164,0.85863,9.289,0.0797,"PMRC Wet Deposition Hg 1999-2003"
2003-06-19,"LCH",149,140,0.73298,11.84,0.0867,"PMRC Wet Deposition Hg 1999-2003"
2003-06-25,"LCH",150,200,1.04712,15.43,0.1615,"PMRC Wet Deposition Hg 1999-2003"
2003-06-29,"LCH",151,275,1.43979,17.15,0.2469,"PMRC Wet Deposition Hg 1999-2003"
2003-06-30,"LCH",152,38,0.19895,17.28,0.0343,"PMRC Wet Deposition Hg 1999-2003"
2003-07-07,"LCH",153,103,0.53926,11.87,0.064,"PMRC Wet Deposition Hg 1999-2003"
2003-07-11,"LCH",154,365,1.91099,11.65,0.2227,"PMRC Wet Deposition Hg 1999-2003"
2003-07-12,"LCH",155,189,0.98952,12.42,0.1228,"PMRC Wet Deposition Hg 1999-2003"
2003-07-16,"LCH",156,92,0.48167,37.63,0.1812,"PMRC Wet Deposition Hg 1999-2003"
2003-07-21,"LCH",157,417,2.18324,10.58,0.2309,"PMRC Wet Deposition Hg 1999-2003"
2003-07-23,"LCH",158,749,3.92146,7.607,0.2983,"PMRC Wet Deposition Hg 1999-2003"
2003-07-24,"LCH",159,298,1.5602,5.463,0.0852,"PMRC Wet Deposition Hg 1999-2003"
2003-07-27,"LCH",160,294,1.53926,14.61,0.2248,"PMRC Wet Deposition Hg 1999-2003"
2003-08-04,"LCH",163,877,4.59162,14.5,0.6657,"PMRC Wet Deposition Hg 1999-2003"
2003-08-06,"LCH",164,42,0.21989,24.58,0.054,"PMRC Wet Deposition Hg 1999-2003"
2003-08-09,"LCH",165,574,3.00523,7.99,0.2401,"PMRC Wet Deposition Hg 1999-2003"
2003-08-10,"LCH",166,176,0.92146,10.29,0.0948,"PMRC Wet Deposition Hg 1999-2003"
2003-08-12,"LCH",167,119,0.62303,13.67,0.0851,"PMRC Wet Deposition Hg 1999-2003"
2003-08-25,"LCH",168,22,0.11518,7.12,0.0082,"PMRC Wet Deposition Hg 1999-2003"
2003-08-29,"LCH",169,338,1.76963,12.34,0.2183,"PMRC Wet Deposition Hg 1999-2003"
2003-09-03,"LCH",170,105,0.54973,5.6,0.0307,"PMRC Wet Deposition Hg 1999-2003"
2003-09-16,"LCH",171,44,0.23036,15.06,0.0346,"PMRC Wet Deposition Hg 1999-2003"
2003-09-19,"LCH",172,178,0.93193,5.505,0.0513,"PMRC Wet Deposition Hg 1999-2003"
2003-09-23,"LCH",173,823,4.3089,6.89,0.2968,"PMRC Wet Deposition Hg 1999-2003"
2003-09-27,"LCH",174,877,4.59162,5.84,0.2681,"PMRC Wet Deposition Hg 1999-2003"
2003-09-29,"LCH",175,122,0.63874,7.03,0.0449,"PMRC Wet Deposition Hg 1999-2003"
2003-10-02,"LCH",176,101,0.52879,8.58,0.0453,"PMRC Wet Deposition Hg 1999-2003"
2003-10-04,"LCH",177,346,1.81151,3.77,0.0682,"PMRC Wet Deposition Hg 1999-2003"
2003-10-15,"LCH",178,997,5.21989,3.764,0.1964,"PMRC Wet Deposition Hg 1999-2003"
2003-10-16,"LCH",179,143,0.74869,7.11,0.0532,"PMRC Wet Deposition Hg 1999-2003"
2003-10-20,"LCH",180,967,5.06282,35.33,1.789,"PMRC Wet Deposition Hg 1999-2003"
2003-10-21,"LCH",181,59,0.3089,4.217,0.013,"PMRC Wet Deposition Hg 1999-2003"
2003-10-23,"LCH",182,50,0.26178,5.348,0.014,"PMRC Wet Deposition Hg 1999-2003"
2003-10-26,"LCH",183,743,3.89005,3.83,0.149,"PMRC Wet Deposition Hg 1999-2003"
2003-10-27,"LCH",184,636,3.32984,3.383,0.1126,"PMRC Wet Deposition Hg 1999-2003"
2003-10-29,"LCH",186,231,1.20942,3.688,0.0446,"PMRC Wet Deposition Hg 1999-2003"
2003-10-29,"LCH",185,773,4.04712,0.871,0.0352,"PMRC Wet Deposition Hg 1999-2003"
2003-11-02,"LCH",187,91,0.47643,7.666,0.0365,"PMRC Wet Deposition Hg 1999-2003"
2003-11-03,"LCH",188,156,0.81675,18.13,0.1481,"PMRC Wet Deposition Hg 1999-2003"
2003-11-05,"LCH",189,30,0.15706,35.13,0.0551,"PMRC Wet Deposition Hg 1999-2003"
2003-11-11,"LCH",190,48,0.2513,11.24,0.0282,"PMRC Wet Deposition Hg 1999-2003"
2003-11-13,"LCH",191,428,2.24083,6.296,0.141,"PMRC Wet Deposition Hg 1999-2003"
2003-11-19,"LCH",192,881,4.61256,3.415,0.1575,"PMRC Wet Deposition Hg 1999-2003"
2003-11-20,"LCH",193,33,0.17277,20.79,0.0359,"PMRC Wet Deposition Hg 1999-2003"
2003-11-24,"LCH",194,149,0.7801,12.77,0.0996,"PMRC Wet Deposition Hg 1999-2003"
2003-11-28,"LCH",195,406,2.12565,3.389,0.072,"PMRC Wet Deposition Hg 1999-2003"
2003-11-30,"LCH",196,39,0.20418,10.95,0.0223,"PMRC Wet Deposition Hg 1999-2003"
2003-12-02,"LCH",197,26,0.13612,11.73,0.0159,"PMRC Wet Deposition Hg 1999-2003"
2003-12-04,"LCH",198,24,0.12565,7.315,0.0091,"PMRC Wet Deposition Hg 1999-2003"
2003-12-06,"LCH",199,268,1.40314,1.354,0.0189,"PMRC Wet Deposition Hg 1999-2003"
2003-12-11,"LCH",200,468,2.45026,3.284,0.0804,"PMRC Wet Deposition Hg 1999-2003"
2003-12-14,"LCH",201,512,2.68062,2.265,0.0607,"PMRC Wet Deposition Hg 1999-2003"
2003-12-17,"LCH",202,669,3.50261,1.864,0.0652,"PMRC Wet Deposition Hg 1999-2003"
2003-12-24,"LCH",203,543,2.84293,2.623,0.0745,"PMRC Wet Deposition Hg 1999-2003"
2003-12-25,"LCH",204,336,1.75916,4.349,0.0765,"PMRC Wet Deposition Hg 1999-2003"
2003-12-30,"LCH",205,169,0.88481,7.425,0.0657,"PMRC Wet Deposition Hg 1999-2003"
